Link,Charger Name,Google Review Rate,UY7F9,W4Efsd,W4Efsd 2,W4Efsd 3,Address,Source,EgL07d src,R8c4Qb,EgL07d src 2,R8c4Qb 2,A5dCOc src,JpCtJf,Power,yNqZw,lmLZWe,W4Efsd 5,Opening Time,Contact,Second Contact Number,fontBodyMedium
https://www.google.com/maps/place/ChargePoint+Charging+Station/data=!4m7!3m6!1s0x6ad613ccd16f2127:0xed92ed79e5c52a2f!8m2!3d-38.0270921!4d145.2116802!16s%2Fg%2F11ggr99clm!19sChIJJyFv0cwT1moRLyrF5Xntku0?authuser=0&hl=en&rclk=1,ChargePoint Charging Station,1,-1,·,Electric vehicle charging station,·,260-284 Frankston - Dandenong Rd,https://www.chargepoint.com/,https://www.gstatic.com/images/icons/material/system_gm/2x/public_gm_blue_24dp.png,Website,https://maps.gstatic.com/consumer/images/icons/2x/ic_directions_gm_blue_24px.png,Directions,https://www.gstatic.com/images/icons/material/system_gm/2x/ev_station_gm_blue_24dp.png,J1772,· 6.6 kW,Total,2,,,,,
https://www.google.com/maps/place/Evie+Charging+Station/data=!4m7!3m6!1s0x6ad61420d07d922d:0x2705abea6bf1fcdf!8m2!3d-37.9716443!4d145.2237479!16s%2Fg%2F11mwkw77tq!19sChIJLZJ90CAU1moR3_zxa-qrBSc?authuser=0&hl=en&rclk=1,Evie Charging Station,4.2,-6,·,Electric vehicle charging station,·,"Ampol Dandenong, CNR STUD RD AND, Heatherton Rd",https://goevie.com.au/,https://www.gstatic.com/images/icons/material/system_gm/2x/public_gm_blue_24dp.png,Website,https://maps.gstatic.com/consumer/images/icons/2x/ic_directions_gm_blue_24px.png,Directions,https://www.gstatic.com/images/icons/material/system_gm/2x/ev_station_gm_blue_24dp.png,CHAdeMO,· 350 kW,,1-Feb,·,Open 24 hours,·,1300 463 843,
https://www.google.com/maps/place/Tesla+Destination+Charger/data=!4m7!3m6!1s0x6ad6123c1bb2e45b:0x6ee25b0fdfee3856!8m2!3d-38.041583!4d145.209861!16s%2Fg%2F11h_kdgj66!19sChIJW-SyGzwS1moRVjju3w9b4m4?authuser=0&hl=en&rclk=1,Tesla Destination Charger,,,·,Electric vehicle charging station,·,388-404 Frankston - Dandenong Rd,https://www.tesla.com/charging,https://www.gstatic.com/images/icons/material/system_gm/2x/public_gm_blue_24dp.png,Website,https://maps.gstatic.com/consumer/images/icons/2x/ic_directions_gm_blue_24px.png,Directions,https://www.gstatic.com/images/icons/material/system_gm/2x/ev_station_gm_blue_24dp.png,Tesla,· 22 kW,Total,2,·,,(03) 9706 6785,,No reviews
https://www.google.com/maps/place/Chargefox+Charging+Station/data=!4m7!3m6!1s0x6ad616a5e7138077:0x8dca16228d74b891!8m2!3d-37.9854814!4d145.2327025!16s%2Fg%2F11mvwrp65d!19sChIJd4AT56UW1moRkbh0jSIWyo0?authuser=0&hl=en&rclk=1,Chargefox Charging Station,,,·,Electric vehicle charging station,·,182 Kidds Rd,https://www.chargefox.com/,https://www.gstatic.com/images/icons/material/system_gm/2x/public_gm_blue_24dp.png,Website,https://maps.gstatic.com/consumer/images/icons/2x/ic_directions_gm_blue_24px.png,Directions,https://www.gstatic.com/images/icons/material/system_gm/2x/ev_station_gm_blue_24dp.png,Type 2,· 7.2 kW,,2-Feb,·,,1300 518 038,,No reviews
https://www.google.com/maps/place/Evie+Charging+Station/data=!4m7!3m6!1s0x6ad672c1e6966f6b:0xdf0fb1a94521e28f!8m2!3d-38.0547951!4d145.1159521!16s%2Fg%2F11spqh96zh!19sChIJa2-W5sFy1moRj-IhRamxD98?authuser=0&hl=en&rclk=1,Evie Charging Station,,,·,Electric vehicle charging station,·,1 Chelsea Rd,https://www.goevie.com.au/,https://www.gstatic.com/images/icons/material/system_gm/2x/public_gm_blue_24dp.png,Website,https://maps.gstatic.com/consumer/images/icons/2x/ic_directions_gm_blue_24px.png,Directions,https://www.gstatic.com/images/icons/material/system_gm/2x/ev_station_gm_blue_24dp.png,CHAdeMO,· 50 kW,,2-Feb,·,Open 24 hours,·,1300 463 843,No reviews
https://www.google.com/maps/place/Tesla+Destination+Charger/data=!4m7!3m6!1s0x6ad616cadbfd4b1f:0x5eb69dd9f06c9c31!8m2!3d-38.002297!4d145.250432!16s%2Fg%2F11gr60b_3z!19sChIJH0v928oW1moRMZxs8Nmdtl4?authuser=0&hl=en&rclk=1,Tesla Destination Charger,,,·,Electric vehicle charging station,·,5-17 Doveton Ave,,https://maps.gstatic.com/consumer/images/icons/2x/ic_directions_gm_blue_24px.png,Directions,,,https://www.gstatic.com/images/icons/material/system_gm/2x/ev_station_gm_blue_24dp.png,Tesla,· 22 kW,Total,1,·,(03) 9771 6000,,,No reviews
https://www.google.com/maps/place/ChargePoint+Charging+Station/data=!4m7!3m6!1s0x6ad6153db6384fb7:0x27aee0b74bf4232f!8m2!3d-37.9219276!4d145.1575352!16s%2Fg%2F11ggr99p_0!19sChIJt084tj0V1moRLyP0S7fgric?authuser=0&hl=en&rclk=1,ChargePoint Charging Station,,,·,Electric vehicle charging station,·,783 Springvale Rd,https://www.chargepoint.com/,https://www.gstatic.com/images/icons/material/system_gm/2x/public_gm_blue_24dp.png,Website,https://maps.gstatic.com/consumer/images/icons/2x/ic_directions_gm_blue_24px.png,Directions,https://www.gstatic.com/images/icons/material/system_gm/2x/ev_station_gm_blue_24dp.png,J1772,· 6.6 kW,Total,2,,,,,No reviews
https://www.google.com/maps/place/Chargefox+Charging+Station/data=!4m7!3m6!1s0x6ad614f7beb3b025:0x4101c32f0f4ad437!8m2!3d-37.9528594!4d145.1800715!16s%2Fg%2F11j8xgnyrh!19sChIJJbCzvvcU1moRN9RKDy_DAUE?authuser=0&hl=en&rclk=1,Chargefox Charging Station,5,-1,·,Electric vehicle charging station,·,550 Princes Hwy,https://www.chargefox.com/,https://www.gstatic.com/images/icons/material/system_gm/2x/public_gm_blue_24dp.png,Website,https://maps.gstatic.com/consumer/images/icons/2x/ic_directions_gm_blue_24px.png,Directions,https://www.gstatic.com/images/icons/material/system_gm/2x/ev_station_gm_blue_24dp.png,Type 2,· 22 kW,,2-Feb,·,,1300 518 038,,
https://www.google.com/maps/place/Chargefox+Charging+Station/data=!4m7!3m6!1s0x6ad66acda9e145c9:0xd8612ba09434db0e!8m2!3d-37.9078295!4d145.1311389!16s%2Fg%2F11g3ztr5bz!19sChIJyUXhqc1q1moRDts0lKArYdg?authuser=0&hl=en&rclk=1,Chargefox Charging Station,5,-1,·,Electric vehicle charging station,·,10 Research Way,https://www.chargefox.com/,https://www.gstatic.com/images/icons/material/system_gm/2x/public_gm_blue_24dp.png,Website,https://maps.gstatic.com/consumer/images/icons/2x/ic_directions_gm_blue_24px.png,Directions,https://www.gstatic.com/images/icons/material/system_gm/2x/ev_station_gm_blue_24dp.png,CHAdeMO,· 50 kW,,2-Apr,·,,1300 518 038,,
https://www.google.com/maps/place/Chargefox+Charging+Station/data=!4m7!3m6!1s0x6ad616a5e7138077:0x8dca16228d74b891!8m2!3d-37.9854814!4d145.2327025!16s%2Fg%2F11mvwrp65d!19sChIJd4AT56UW1moRkbh0jSIWyo0?authuser=0&hl=en&rclk=1,Chargefox Charging Station,,,·,Electric vehicle charging station,·,182 Kidds Rd,https://www.chargefox.com/,https://www.gstatic.com/images/icons/material/system_gm/2x/public_gm_blue_24dp.png,Website,https://maps.gstatic.com/consumer/images/icons/2x/ic_directions_gm_blue_24px.png,Directions,https://www.gstatic.com/images/icons/material/system_gm/2x/ev_station_gm_blue_24dp.png,Type 2,· 7.2 kW,,2-Feb,·,Open 24 hours,1300 518 038,,No reviews
https://www.google.com/maps/place/Evie+Charging+Station/data=!4m7!3m6!1s0x6ad672c1e6966f6b:0xdf0fb1a94521e28f!8m2!3d-38.0547951!4d145.1159521!16s%2Fg%2F11spqh96zh!19sChIJa2-W5sFy1moRj-IhRamxD98?authuser=0&hl=en&rclk=1,Evie Charging Station,,,·,Electric vehicle charging station,·,1 Chelsea Rd,https://www.goevie.com.au/,https://www.gstatic.com/images/icons/material/system_gm/2x/public_gm_blue_24dp.png,Website,https://maps.gstatic.com/consumer/images/icons/2x/ic_directions_gm_blue_24px.png,Directions,https://www.gstatic.com/images/icons/material/system_gm/2x/ev_station_gm_blue_24dp.png,CHAdeMO,· 50 kW,,2-Feb,·,Open 24 hours,(03) 9706 6785,·,No reviews
https://www.google.com/maps/place/Tesla+Destination+Charger/data=!4m7!3m6!1s0x6ad616cadbfd4b1f:0x5eb69dd9f06c9c31!8m2!3d-38.002297!4d145.250432!16s%2Fg%2F11gr60b_3z!19sChIJH0v928oW1moRMZxs8Nmdtl4?authuser=0&hl=en&rclk=1,Tesla Destination Charger,,,·,Electric vehicle charging station,·,5-17 Doveton Ave,,https://maps.gstatic.com/consumer/images/icons/2x/ic_directions_gm_blue_24px.png,Directions,,,https://www.gstatic.com/images/icons/material/system_gm/2x/ev_station_gm_blue_24dp.png,Tesla,· 22 kW,Total,1,·,(03) 9771 6000,,,No reviews
https://www.google.com/maps/place/Chargefox+Charging+Station/data=!4m7!3m6!1s0x6ad614f7beb3b025:0x4101c32f0f4ad437!8m2!3d-37.9528594!4d145.1800715!16s%2Fg%2F11j8xgnyrh!19sChIJJbCzvvcU1moRN9RKDy_DAUE?authuser=0&hl=en&rclk=1,Chargefox Charging Station,5,-1,·,Electric vehicle charging station,·,550 Princes Hwy,https://www.chargefox.com/,https://www.gstatic.com/images/icons/material/system_gm/2x/public_gm_blue_24dp.png,Website,https://maps.gstatic.com/consumer/images/icons/2x/ic_directions_gm_blue_24px.png,Directions,https://www.gstatic.com/images/icons/material/system_gm/2x/ev_station_gm_blue_24dp.png,Type 2,· 22 kW,,2-Feb,·,1300 518 038,,,
https://www.google.com/maps/place/ChargePoint+Charging+Station/data=!4m7!3m6!1s0x6ad6422d3f22bf8b:0xe30238404ca46f76!8m2!3d-37.8208618!4d145.0398254!16s%2Fg%2F11hcz37hry!19sChIJi78iPy1C1moRdm-kTEA4AuM?authuser=0&hl=en&rclk=1,ChargePoint Charging Station,5,-8,·,Electric vehicle charging station,·,20 William St,https://www.chargepoint.com/,https://www.gstatic.com/images/icons/material/system_gm/2x/public_gm_blue_24dp.png,Website,https://maps.gstatic.com/consumer/images/icons/2x/ic_directions_gm_blue_24px.png,Directions,https://www.gstatic.com/images/icons/material/system_gm/2x/ev_station_gm_blue_24dp.png,CCS,· 50 kW,Total,1,,,,,
https://www.google.com/maps/place/Chargefox+Charging+Station/data=!4m7!3m6!1s0x6ad669f36065af57:0xa2ac4b80ad018eb8!8m2!3d-37.8760732!4d145.0436879!16s%2Fg%2F11h4y32k9m!19sChIJV69lYPNp1moRuI4BrYBLrKI?authuser=0&hl=en&rclk=1,Chargefox Charging Station,3.8,-4,·,Electric vehicle charging station,·,880 Dandenong Rd,https://www.chargefox.com/,https://www.gstatic.com/images/icons/material/system_gm/2x/public_gm_blue_24dp.png,Website,https://maps.gstatic.com/consumer/images/icons/2x/ic_directions_gm_blue_24px.png,Directions,https://www.gstatic.com/images/icons/material/system_gm/2x/ev_station_gm_blue_24dp.png,CHAdeMO,· 50 kW,,,·,Open 24 hours,1300 518 038,·,
https://www.google.com/maps/place/Chargefox+Charging+Station/data=!4m7!3m6!1s0x6ad66ef70d9b4c75:0x9451a4226e396f66!8m2!3d-37.9593761!4d145.0177174!16s%2Fg%2F11ll486_ly!19sChIJdUybDfdu1moRZm85biKkUZQ?authuser=0&hl=en&rclk=1,Chargefox Charging Station,5,-2,·,Electric vehicle charging station,·,76 Royal Ave,https://www.chargefox.com/,https://www.gstatic.com/images/icons/material/system_gm/2x/public_gm_blue_24dp.png,Website,https://maps.gstatic.com/consumer/images/icons/2x/ic_directions_gm_blue_24px.png,Directions,https://www.gstatic.com/images/icons/material/system_gm/2x/ev_station_gm_blue_24dp.png,CHAdeMO,· 50 kW,,1-Jan,·,,1300 518 038,,
https://www.google.com/maps/place/ChargePoint+Charging+Station/data=!4m7!3m6!1s0x6ad66c23d620810b:0xf4c504a5b89692a4!8m2!3d-37.9584609!4d145.0548509!16s%2Fg%2F11ggr99n0_!19sChIJC4Eg1iNs1moRpJKWuKUExfQ?authuser=0&hl=en&rclk=1,ChargePoint Charging Station,,,·,Electric vehicle charging station,·,1239-1241 Nepean Hwy,https://www.chargepoint.com/,https://www.gstatic.com/images/icons/material/system_gm/2x/public_gm_blue_24dp.png,Website,https://maps.gstatic.com/consumer/images/icons/2x/ic_directions_gm_blue_24px.png,Directions,https://www.gstatic.com/images/icons/material/system_gm/2x/ev_station_gm_blue_24dp.png,J1772,· 6.6 kW,Total,4,,,,,No reviews
https://www.google.com/maps/place/ChargePoint+Charging+Station/data=!4m7!3m6!1s0x6ad66bcf93694b27:0xeb2ff94463c520f!8m2!3d-37.9509025!4d145.0803493!16s%2Fg%2F11bwh5rvz2!19sChIJJ0tpk89r1moRD1I8RpT_sg4?authuser=0&hl=en&rclk=1,ChargePoint Charging Station,5,-1,·,Electric vehicle charging station,·,20 Corporate Dr,http://www.chargepoint.com/,https://www.gstatic.com/images/icons/material/system_gm/2x/public_gm_blue_24dp.png,Website,https://maps.gstatic.com/consumer/images/icons/2x/ic_directions_gm_blue_24px.png,Directions,https://www.gstatic.com/images/icons/material/system_gm/2x/ev_station_gm_blue_24dp.png,J1772,· 6.6 kW,Total,2,·,Open 24 hours,1300 518 038,·,
https://www.google.com/maps/place/Tesla+Destination+Charger/data=!4m7!3m6!1s0x6ad66a6894f6da13:0x35181b99a52a772!8m2!3d-37.886676!4d145.081194!16s%2Fg%2F11h6qjqdn8!19sChIJE9r2lGhq1moRcqdSmrmBUQM?authuser=0&hl=en&rclk=1,Tesla Destination Charger,4.3,-3,·,Electric vehicle charging station,·,1341 Dandenong Rd,https://www.tesla.com/charging,https://www.gstatic.com/images/icons/material/system_gm/2x/public_gm_blue_24dp.png,Website,https://maps.gstatic.com/consumer/images/icons/2x/ic_directions_gm_blue_24px.png,Directions,https://www.gstatic.com/images/icons/material/system_gm/2x/ev_station_gm_blue_24dp.png,Tesla,· 10 kW,Total,4,·,,(03) 9563 3355,,
https://www.google.com/maps/place/Tesla+Destination+Charger/data=!4m7!3m6!1s0x6ad63bd693c394c1:0xb7d2e25e6ae3237b!8m2!3d-37.8147452!4d145.2295859!16s%2Fg%2F11gmxpkx3t!19sChIJwZTDk9Y71moReyPjal7i0rc?authuser=0&hl=en&rclk=1,Tesla Destination Charger,4.3,-13,·,Electric vehicle charging station,·,175 Maroondah Hwy,,https://maps.gstatic.com/consumer/images/icons/2x/ic_directions_gm_blue_24px.png,Directions,,,https://www.gstatic.com/images/icons/material/system_gm/2x/ev_station_gm_blue_24dp.png,Tesla,· 22 kW,Total,2,·,·,Open 24 hours,(03) 9870 8377,
https://www.google.com/maps/place/EVup+Charging+Station/data=!4m7!3m6!1s0x6ad66b52e1cbe879:0x192f8f6439c0985b!8m2!3d-37.9427717!4d145.117778!16s%2Fg%2F11fjvtkqcg!19sChIJeejL4VJr1moRW5jAOWSPLxk?authuser=0&hl=en&rclk=1,EVup Charging Station,3,-4,·,Electric vehicle charging station,·,Unit 32/536 Clayton Rd,https://www.evup.com.au/,https://www.gstatic.com/images/icons/material/system_gm/2x/public_gm_blue_24dp.png,Website,https://maps.gstatic.com/consumer/images/icons/2x/ic_directions_gm_blue_24px.png,Directions,https://www.gstatic.com/images/icons/material/system_gm/2x/ev_station_gm_blue_24dp.png,Type 2,,Total,2,·,,1300 388 700,,
https://www.google.com/maps/place/Evolution+Universal+Charging+Station/data=!4m7!3m6!1s0x6ad66b22448e37a5:0x18dc8b93494bea3f!8m2!3d-37.9326298!4d145.0977292!16s%2Fg%2F11j0s2wlxz!19sChIJpTeORCJr1moRP-pLSZOL3Bg?authuser=0&hl=en&rclk=1,Evolution Universal Charging Station,,,·,Electric vehicle charging station,·,23-25 Bunney Rd,,https://maps.gstatic.com/consumer/images/icons/2x/ic_directions_gm_blue_24px.png,Directions,,,https://www.gstatic.com/images/icons/material/system_gm/2x/ev_station_gm_blue_24dp.png,Type 2,· 7 kW,Total,1,,,,,No reviews
https://www.google.com/maps/place/ChargePoint+Charging+Station/data=!4m7!3m6!1s0x6ad6054a7811f025:0xca13298f3ee324d3!8m2!3d-38.1099888!4d145.336415!16s%2Fg%2F11fk19gp9_!19sChIJJfAReEoF1moR0yTjPo8pE8o?authuser=0&hl=en&rclk=1,ChargePoint Charging Station,,,·,Electric vehicle charging station,·,66 Deoro Parade,https://www.chargepoint.com/,https://www.gstatic.com/images/icons/material/system_gm/2x/public_gm_blue_24dp.png,Website,https://maps.gstatic.com/consumer/images/icons/2x/ic_directions_gm_blue_24px.png,Directions,https://www.gstatic.com/images/icons/material/system_gm/2x/ev_station_gm_blue_24dp.png,J1772,· 6.6 kW,Total,1,,,,,No reviews
https://www.google.com/maps/place/Electric+Vehicle+Charging+Station/data=!4m7!3m6!1s0x6ad66f67fc2e0c7b:0xc6205985a066b045!8m2!3d-37.9556732!4d145.0385755!16s%2Fg%2F11fpgh6fqp!19sChIJewwu_Gdv1moRRbBmoIVZIMY?authuser=0&hl=en&rclk=1,Electric Vehicle Charging Station,,,·,Electric vehicle charging station,·,325A Bay Rd,,https://maps.gstatic.com/consumer/images/icons/2x/ic_directions_gm_blue_24px.png,Directions,,,https://www.gstatic.com/images/icons/material/system_gm/2x/ev_station_gm_blue_24dp.png,Type 2,· 22 kW,Total,1,,,,,No reviews
https://www.google.com/maps/place/ChargePoint+Charging+Station/data=!4m7!3m6!1s0x6ad6421bc653d08f:0x40400856866443a0!8m2!3d-37.8448741!4d145.0420954!16s%2Fg%2F11ggr98jjt!19sChIJj9BTxhtC1moRoENkhlYIQEA?authuser=0&hl=en&rclk=1,ChargePoint Charging Station,5,-1,·,Electric vehicle charging station,·,755 Toorak Rd,https://www.chargepoint.com/,https://www.gstatic.com/images/icons/material/system_gm/2x/public_gm_blue_24dp.png,Website,https://maps.gstatic.com/consumer/images/icons/2x/ic_directions_gm_blue_24px.png,Directions,https://www.gstatic.com/images/icons/material/system_gm/2x/ev_station_gm_blue_24dp.png,J1772,· 6.6 kW,Total,1,·,Open 24 hours,,,
https://www.google.com/maps/place/Electric+Vehicle+Charging+Station/data=!4m7!3m6!1s0x6ad611cc029315c5:0x7d898c372a96bddb!8m2!3d-38.0870087!4d145.2795685!16s%2Fg%2F11nmhytt3s!19sChIJxRWTAswR1moR272WKjeMiX0?authuser=0&hl=en&rclk=1,Electric Vehicle Charging Station,1,-3,·,Electric vehicle charging station,·,1063 S Gippsland Hwy,,https://maps.gstatic.com/consumer/images/icons/2x/ic_directions_gm_blue_24px.png,Directions,,,https://www.gstatic.com/images/icons/material/system_gm/2x/ev_station_gm_blue_24dp.png,Type 2,,Total,4,,,,,
https://www.google.com/maps/place/Chargefox+Charging+Station/data=!4m7!3m6!1s0x6ad6155d61cb623b:0xa17bca668eff56f3!8m2!3d-37.9058135!4d145.159594!16s%2Fg%2F11fq9mnm5r!19sChIJO2LLYV0V1moR81b_jmbKe6E?authuser=0&hl=en&rclk=1,Chargefox Charging Station,,,·,Electric vehicle charging station,·,565-577 Springvale Rd,https://www.chargepoint.com/,https://www.gstatic.com/images/icons/material/system_gm/2x/public_gm_blue_24dp.png,Website,https://maps.gstatic.com/consumer/images/icons/2x/ic_directions_gm_blue_24px.png,Directions,https://www.gstatic.com/images/icons/material/system_gm/2x/ev_station_gm_blue_24dp.png,Type 2,· 22 kW,,2-Feb,·,Open 24 hours,1300 518 038,,No reviews
https://www.google.com/maps/place/Chargefox+Charging+Station/data=!4m7!3m6!1s0x6ad615298ffffffb:0xb81fc19dfc7fc5a8!8m2!3d-37.9280757!4d145.1437915!16s%2Fg%2F11sqcs_vx_!19sChIJ-___jykV1moRqMV__J3BH7g?authuser=0&hl=en&rclk=1,Chargefox Charging Station,,,·,Electric vehicle charging station,·,917 Princes Hwy,https://www.chargefox.com/,https://www.gstatic.com/images/icons/material/system_gm/2x/public_gm_blue_24dp.png,Website,https://maps.gstatic.com/consumer/images/icons/2x/ic_directions_gm_blue_24px.png,Directions,https://www.gstatic.com/images/icons/material/system_gm/2x/ev_station_gm_blue_24dp.png,Type 2,· 22 kW,,4-Apr,·,1300 518 038,,,No reviews
https://www.google.com/maps/place/ChargePoint+Charging+Station/data=!4m7!3m6!1s0x6ad6476f9aa6c821:0xfaa546e8bbfa658b!8m2!3d-37.7852548!4d145.1257933!16s%2Fg%2F11ggr997p6!19sChIJIcimmm9H1moRi2X6u-hGpfo?authuser=0&hl=en&rclk=1,ChargePoint Charging Station,2,-1,·,Electric vehicle charging station,·,619 Doncaster Rd,https://www.chargefox.com/,https://www.gstatic.com/images/icons/material/system_gm/2x/public_gm_blue_24dp.png,Website,https://maps.gstatic.com/consumer/images/icons/2x/ic_directions_gm_blue_24px.png,Directions,https://www.gstatic.com/images/icons/material/system_gm/2x/ev_station_gm_blue_24dp.png,J1772,· 6.6 kW,Total,4,,,,,
https://www.google.com/maps/place/Chargefox+Charging+Station/data=!4m7!3m6!1s0x6ad615a582ef1bcb:0xc430dae2c40884d1!8m2!3d-37.9357283!4d145.1898176!16s%2Fg%2F11h085n35t!19sChIJyxvvgqUV1moR0YQIxOLaMMQ?authuser=0&hl=en&rclk=1,Chargefox Charging Station,,,·,Electric vehicle charging station,·,"Waverley Gardens, 271 Police Rd",https://www.chargefox.com/,https://www.gstatic.com/images/icons/material/system_gm/2x/public_gm_blue_24dp.png,Website,https://maps.gstatic.com/consumer/images/icons/2x/ic_directions_gm_blue_24px.png,Directions,https://www.gstatic.com/images/icons/material/system_gm/2x/ev_station_gm_blue_24dp.png,Type 2,· 22 kW,,,·,,1300 518 038,,No reviews
https://www.google.com/maps/place/Chargefox+Charging+Station/data=!4m7!3m6!1s0x6ad6696dc4f32ff1:0x4acffa3e904654da!8m2!3d-37.8486608!4d144.9925299!16s%2Fg%2F11j13xwj2y!19sChIJ8S_zxG1p1moR2lRGkD76z0o?authuser=0&hl=en&rclk=1,Chargefox Charging Station,5,-1,·,Electric vehicle charging station,,,https://www.chargepoint.com/,https://www.gstatic.com/images/icons/material/system_gm/2x/public_gm_blue_24dp.png,Website,https://maps.gstatic.com/consumer/images/icons/2x/ic_directions_gm_blue_24px.png,Directions,https://www.gstatic.com/images/icons/material/system_gm/2x/ev_station_gm_blue_24dp.png,Type 2,,Total,12,,,,,
https://www.google.com/maps/place/ChargePoint+Charging+Station/data=!4m7!3m6!1s0x6ad6383ae51886c5:0xdc4c3d3a74ea7c1!8m2!3d-37.7621431!4d145.168488!16s%2Fg%2F11ff0x2ll7!19sChIJxYYY5To41moRwadOp9PDxA0?authuser=0&hl=en&rclk=1,ChargePoint Charging Station,2.8,-4,·,Electric vehicle charging station,·,181 Reynolds Rd,https://www.chargefox.com/,https://www.gstatic.com/images/icons/material/system_gm/2x/public_gm_blue_24dp.png,Website,https://maps.gstatic.com/consumer/images/icons/2x/ic_directions_gm_blue_24px.png,Directions,https://www.gstatic.com/images/icons/material/system_gm/2x/ev_station_gm_blue_24dp.png,J1772,· 6.6 kW,Total,2,,,,,
https://www.google.com/maps/place/Chargefox+Charging+Station/data=!4m7!3m6!1s0x6ad66acb779e991d:0x14100ca7c5c85ff8!8m2!3d-37.9121995!4d145.1349813!16s%2Fg%2F11ry5nlrtr!19sChIJHZmed8tq1moR-F_IxacMEBQ?authuser=0&hl=en&rclk=1,Chargefox Charging Station,,,·,Electric vehicle charging station,·,Scenic Blvd,https://www.plugshare.com/location/208489,https://www.gstatic.com/images/icons/material/system_gm/2x/public_gm_blue_24dp.png,Website,https://maps.gstatic.com/consumer/images/icons/2x/ic_directions_gm_blue_24px.png,Directions,https://www.gstatic.com/images/icons/material/system_gm/2x/ev_station_gm_blue_24dp.png,Type 2,· 22 kW,,2-Feb,·,,1300 518 038,,No reviews
https://www.google.com/maps/place/Chargefox+Charging+Station/data=!4m7!3m6!1s0x6ad60e5d18881b39:0x7c598260e5545d09!8m2!3d-38.1069358!4d145.2502657!16s%2Fg%2F11tcfhm8lz!19sChIJORuIGF0O1moRCV1U5WCCWXw?authuser=0&hl=en&rclk=1,Chargefox Charging Station,,,·,Electric vehicle charging station,·,75 Evans Rd,https://www.chargepoint.com/,https://www.gstatic.com/images/icons/material/system_gm/2x/public_gm_blue_24dp.png,Website,https://maps.gstatic.com/consumer/images/icons/2x/ic_directions_gm_blue_24px.png,Directions,https://www.gstatic.com/images/icons/material/system_gm/2x/ev_station_gm_blue_24dp.png,Type 2,· 22 kW,,1-Feb,·,,1300 518 038,,No reviews
https://www.google.com/maps/place/Chargefox+Charging+Station/data=!4m7!3m6!1s0x6ad640baf462ee59:0xaa8490eb12acd8f2!8m2!3d-37.821678!4d145.1240832!16s%2Fg%2F11jmq2dfqm!19sChIJWe5i9LpA1moR8tisEuuQhKo?authuser=0&hl=en&rclk=1,Chargefox Charging Station,,,·,Electric vehicle charging station,·,2-10 Harrow St,https://www.chargefox.com/,https://www.gstatic.com/images/icons/material/system_gm/2x/public_gm_blue_24dp.png,Website,https://maps.gstatic.com/consumer/images/icons/2x/ic_directions_gm_blue_24px.png,Directions,https://www.gstatic.com/images/icons/material/system_gm/2x/ev_station_gm_blue_24dp.png,Type 2,· 7 kW,,5-May,·,,1300 518 038,,No reviews
https://www.google.com/maps/place/Chargefox+Charging+Station/data=!4m7!3m6!1s0x6ad63c3e3388f311:0x29bce706144fa4e5!8m2!3d-37.8717032!4d145.244814!16s%2Fg%2F11h1ds5f6k!19sChIJEfOIMz481moR5aRPFAbnvCk?authuser=0&hl=en&rclk=1,Chargefox Charging Station,4.3,-6,·,Electric vehicle charging station,·,"Knox City Council Civic Centre, 511 Burwood Hwy",https://www.chargefox.com/,https://www.gstatic.com/images/icons/material/system_gm/2x/public_gm_blue_24dp.png,Website,https://maps.gstatic.com/consumer/images/icons/2x/ic_directions_gm_blue_24px.png,Directions,https://www.gstatic.com/images/icons/material/system_gm/2x/ev_station_gm_blue_24dp.png,Type 2,· 22 kW,,2-Feb,·,Open 24 hours,1300 518 038,·,
https://www.google.com/maps/place/Electric+Vehicle+Charging+Station/data=!4m7!3m6!1s0x6ad643a9b91921ad:0x799dde9c386cfeff!8m2!3d-37.811869!4d145.0123035!16s%2Fg%2F11rncwbt6l!19sChIJrSEZualD1moR__5sOJzenXk?authuser=0&hl=en&rclk=1,Electric Vehicle Charging Station,,,·,Electric vehicle charging station,·,"Car Park, 620 Victoria St",,https://maps.gstatic.com/consumer/images/icons/2x/ic_directions_gm_blue_24px.png,Directions,,,https://www.gstatic.com/images/icons/material/system_gm/2x/ev_station_gm_blue_24dp.png,Type 2,· 20 kW,Total,3,·,1300 518 038,Open 24 hours,,No reviews
https://www.google.com/maps/place/Evie+Charging+Station/data=!4m7!3m6!1s0x6ad63df9e7589369:0x93a5c0bb1601818b!8m2!3d-37.9214041!4d145.2375523!16s%2Fg%2F11s30frc3k!19sChIJaZNY5_k91moRi4EBFrvApZM?authuser=0&hl=en&rclk=1,Evie Charging Station,5,-2,·,Electric vehicle charging station,·,"Corner Stud &, Fulham Rd",https://www.chargefox.com/,https://www.gstatic.com/images/icons/material/system_gm/2x/public_gm_blue_24dp.png,Website,https://maps.gstatic.com/consumer/images/icons/2x/ic_directions_gm_blue_24px.png,Directions,https://www.gstatic.com/images/icons/material/system_gm/2x/ev_station_gm_blue_24dp.png,CHAdeMO,· 50 kW,,1-Feb,·,Open 24 hours,·,1300 463 843,
https://www.google.com/maps/place/Chargefox+Charging+Station/data=!4m7!3m6!1s0x6ad6405f5c2a345d:0x198131f9d3507cc0!8m2!3d-37.8443581!4d145.111212!16s%2Fg%2F11nffsnybn!19sChIJXTQqXF9A1moRwHxQ0_kxgRk?authuser=0&hl=en&rclk=1,Chargefox Charging Station,,,·,Electric vehicle charging station,·,1 Uganda St,https://www.chargefox.com/,https://www.gstatic.com/images/icons/material/system_gm/2x/public_gm_blue_24dp.png,Website,https://maps.gstatic.com/consumer/images/icons/2x/ic_directions_gm_blue_24px.png,Directions,https://www.gstatic.com/images/icons/material/system_gm/2x/ev_station_gm_blue_24dp.png,Type 2,· 22 kW,,2-Feb,·,1300 518 038,Open 24 hours,,No reviews
https://www.google.com/maps/place/Chargefox+Charging+Station/data=!4m7!3m6!1s0x6ad64768d40fffff:0xd7e1221eca2b158b!8m2!3d-37.787866!4d145.1240894!16s%2Fg%2F11hg4cznk4!19sChIJ__8P1GhH1moRixUryh4i4dc?authuser=0&hl=en&rclk=1,Chargefox Charging Station,,,·,Electric vehicle charging station,·,600 Doncaster Rd,https://goevie.com.au/,https://www.gstatic.com/images/icons/material/system_gm/2x/public_gm_blue_24dp.png,Website,https://maps.gstatic.com/consumer/images/icons/2x/ic_directions_gm_blue_24px.png,Directions,https://www.gstatic.com/images/icons/material/system_gm/2x/ev_station_gm_blue_24dp.png,Type 2,· 7 kW,,1-Feb,·,Open 24 hours,1300 518 038,,No reviews
https://www.google.com/maps/place/Tesla+Supercharger/data=!4m7!3m6!1s0x6ad6428f95afd0e1:0x3e50f3342b587bd8!8m2!3d-37.832143!4d144.995688!16s%2Fg%2F11dym4c19b!19sChIJ4dCvlY9C1moR2HtYKzTzUD4?authuser=0&hl=en&rclk=1,Tesla Supercharger,4.8,-49,·,Electric vehicle charging station,·,650 Church St,https://www.chargefox.com/,https://www.gstatic.com/images/icons/material/system_gm/2x/public_gm_blue_24dp.png,Website,https://maps.gstatic.com/consumer/images/icons/2x/ic_directions_gm_blue_24px.png,Directions,https://www.gstatic.com/images/icons/material/system_gm/2x/ev_station_gm_blue_24dp.png,Tesla,· 120 kW,Total,4,·,Open 24 hours,1300 518 038,,
https://www.google.com/maps/place/EVolution+Electric+Car+Charger/data=!4m7!3m6!1s0x6ad66be88af24d9b:0xa7e141976ba2e56e!8m2!3d-37.9031845!4d145.0954823!16s%2Fg%2F11fd6_tm_3!19sChIJm03yiuhr1moRbuWia5dB4ac?authuser=0&hl=en&rclk=1,EVolution Electric Car Charger,5,-1,·,Electric vehicle charging station,·,28 Westminster St,https://www.chargefox.com/,https://www.gstatic.com/images/icons/material/system_gm/2x/public_gm_blue_24dp.png,Website,https://maps.gstatic.com/consumer/images/icons/2x/ic_directions_gm_blue_24px.png,Directions,,,,,,·,Closed,1300 518 038,·,
https://www.google.com/maps/place/Chargefox+Charging+Station/data=!4m7!3m6!1s0x6ad6681721faaaab:0x90b3ac3ab5d033cd!8m2!3d-37.8481018!4d144.9790394!16s%2Fg%2F11q43_mgl8!19sChIJq6r6IRdo1moRzTPQtTqss5A?authuser=0&hl=en&rclk=1,Chargefox Charging Station,,,·,Electric vehicle charging station,·,574 St Kilda Rd,https://www.tesla.com/supercharger,https://www.gstatic.com/images/icons/material/system_gm/2x/public_gm_blue_24dp.png,Website,https://maps.gstatic.com/consumer/images/icons/2x/ic_directions_gm_blue_24px.png,Directions,https://www.gstatic.com/images/icons/material/system_gm/2x/ev_station_gm_blue_24dp.png,Type 2,· 22 kW,,2-Feb,·,Open 24 hours,1300 518 038,,No reviews
https://www.google.com/maps/place/Chargefox+Charging+Station/data=!4m7!3m6!1s0x6ad63f3a23f17189:0x3135570525cc01fd!8m2!3d-37.8352008!4d145.1640819!16s%2Fg%2F11h3c4wnn1!19sChIJiXHxIzo_1moR_QHMJQVXNTE?authuser=0&hl=en&rclk=1,Chargefox Charging Station,,,·,Electric vehicle charging station,·,270 Canterbury Rd,https://www.evolutionaustralia.com.au/,https://www.gstatic.com/images/icons/material/system_gm/2x/public_gm_blue_24dp.png,Website,https://maps.gstatic.com/consumer/images/icons/2x/ic_directions_gm_blue_24px.png,Directions,https://www.gstatic.com/images/icons/material/system_gm/2x/ev_station_gm_blue_24dp.png,Type 2,· 22 kW,,2-Feb,·,Closed,1300 518 038,,No reviews
https://www.google.com/maps/place/Chargefox+Charging+Station/data=!4m7!3m6!1s0x6ad65d4b6105597d:0xc4331ffa6a497f62!8m2!3d-37.8158872!4d144.9595931!16s%2Fg%2F11fhs0xm__!19sChIJfVkFYUtd1moRYn9JavofM8Q?authuser=0&hl=en&rclk=1,Chargefox Charging Station,,,·,Electric vehicle charging station,·,485 Bourke St,https://www.chargefox.com/,https://www.gstatic.com/images/icons/material/system_gm/2x/public_gm_blue_24dp.png,Website,https://maps.gstatic.com/consumer/images/icons/2x/ic_directions_gm_blue_24px.png,Directions,https://www.gstatic.com/images/icons/material/system_gm/2x/ev_station_gm_blue_24dp.png,Type 2,· 22 kW,,2-Apr,·,,1300 518 038,,No reviews
https://www.google.com/maps/place/Tesla+Destination+Charger/data=!4m7!3m6!1s0x6ad66816bbf04fcf:0xe74053419922d750!8m2!3d-37.8493627!4d144.9781768!16s%2Fg%2F11gr2zycjn!19sChIJz0_wuxZo1moRUNcimUFTQOc?authuser=0&hl=en&rclk=1,Tesla Destination Charger,2,-1,·,Electric vehicle charging station,·,65 Queens Rd,https://www.chargefox.com/,https://www.gstatic.com/images/icons/material/system_gm/2x/public_gm_blue_24dp.png,Website,https://maps.gstatic.com/consumer/images/icons/2x/ic_directions_gm_blue_24px.png,Directions,https://www.gstatic.com/images/icons/material/system_gm/2x/ev_station_gm_blue_24dp.png,Tesla,· 22 kW,Total,2,·,,(03) 9529 4300,,
https://www.google.com/maps/place/Tesla+Destination+Charger/data=!4m7!3m6!1s0x6ad642835dff719b:0xcf2726f945383a44!8m2!3d-37.8377242!4d144.9954705!16s%2Fg%2F11gmxm0bvm!19sChIJm3H_XYNC1moRRDo4RfkmJ88?authuser=0&hl=en&rclk=1,Tesla Destination Charger,,,·,Electric vehicle charging station,·,637-641 Chapel St,https://www.chargefox.com/,https://www.gstatic.com/images/icons/material/system_gm/2x/public_gm_blue_24dp.png,Website,https://maps.gstatic.com/consumer/images/icons/2x/ic_directions_gm_blue_24px.png,Directions,https://www.gstatic.com/images/icons/material/system_gm/2x/ev_station_gm_blue_24dp.png,Tesla,· 22 kW,Total,2,·,,(03) 9040 1222,,No reviews
https://www.google.com/maps/place/Tesla+Destination+Charger/data=!4m7!3m6!1s0x6ad642c7d0a875f5:0xba025c5531a89d14!8m2!3d-37.8143033!4d144.973402!16s%2Fg%2F11fcr0t410!19sChIJ9XWo0MdC1moRFJ2oMVVcAro?authuser=0&hl=en&rclk=1,Tesla Destination Charger,,,·,Electric vehicle charging station,·,"Level Ground & Lower Parking, p1/25 Collins St",https://www.tesla.com/en_AU/destination-charging,https://www.gstatic.com/images/icons/material/system_gm/2x/public_gm_blue_24dp.png,Website,https://maps.gstatic.com/consumer/images/icons/2x/ic_directions_gm_blue_24px.png,Directions,https://www.gstatic.com/images/icons/material/system_gm/2x/ev_station_gm_blue_24dp.png,Tesla,· 22 kW,Total,2,·,,(03) 9653 0000,,No reviews
https://www.google.com/maps/place/Tesla+Destination+Charger/data=!4m7!3m6!1s0x6ad642b7d58c13c5:0x16243ad1bd9752f5!8m2!3d-37.8148268!4d144.9697022!16s%2Fg%2F11fcrh97_k!19sChIJxROM1bdC1moR9VKXvdE6JBY?authuser=0&hl=en&rclk=1,Tesla Destination Charger,,,·,Electric vehicle charging station,·,123 Collins St,https://www.tesla.com/,https://www.gstatic.com/images/icons/material/system_gm/2x/public_gm_blue_24dp.png,Website,https://maps.gstatic.com/consumer/images/icons/2x/ic_directions_gm_blue_24px.png,Directions,https://www.gstatic.com/images/icons/material/system_gm/2x/ev_station_gm_blue_24dp.png,Tesla,· 22 kW,Total,1,·,,(03) 9657 1234,,No reviews
https://www.google.com/maps/place/Tesla+Destination+Charger/data=!4m7!3m6!1s0x6ad66816af987a85:0x534399712d90005e!8m2!3d-37.8499608!4d144.9784496!16s%2Fg%2F11gmwxk7zr!19sChIJhXqYrxZo1moRXgCQLXGZQ1M?authuser=0&hl=en&rclk=1,Tesla Destination Charger,,,·,Electric vehicle charging station,·,basement 1/192 Wellington Parade,https://www.tesla.com/,https://www.gstatic.com/images/icons/material/system_gm/2x/public_gm_blue_24dp.png,Website,https://maps.gstatic.com/consumer/images/icons/2x/ic_directions_gm_blue_24px.png,Directions,https://www.gstatic.com/images/icons/material/system_gm/2x/ev_station_gm_blue_24dp.png,Tesla,· 11 kW,Total,2,·,,(03) 9419 2000,,No reviews
https://www.google.com/maps/place/Chargefox+Charging+Station/data=!4m7!3m6!1s0x6ad66825a772aa31:0xf3497194c03dffd!8m2!3d-37.8481433!4d144.9923793!16s%2Fg%2F11j8vlr3zj!19sChIJMapypyVo1moR_d8DTBmXNA8?authuser=0&hl=en&rclk=1,Chargefox Charging Station,2,-1,·,Electric vehicle charging station,·,Cato St,https://www.tesla.com/,https://www.gstatic.com/images/icons/material/system_gm/2x/public_gm_blue_24dp.png,Website,https://maps.gstatic.com/consumer/images/icons/2x/ic_directions_gm_blue_24px.png,Directions,https://www.gstatic.com/images/icons/material/system_gm/2x/ev_station_gm_blue_24dp.png,Type 2,· 22 kW,,1-Feb,·,,1300 518 038,,
https://www.google.com/maps/place/Tesla+Destination+Charger/data=!4m7!3m6!1s0x6ad6686f91900f37:0x9b8d9d28debee895!8m2!3d-37.862284!4d144.973965!16s%2Fg%2F11h6yd95gh!19sChIJNw-QkW9o1moRlei-3iidjZs?authuser=0&hl=en&rclk=1,Tesla Destination Charger,,,·,Electric vehicle charging station,·,2 Acland St,https://www.tesla.com/,https://www.gstatic.com/images/icons/material/system_gm/2x/public_gm_blue_24dp.png,Website,https://maps.gstatic.com/consumer/images/icons/2x/ic_directions_gm_blue_24px.png,Directions,https://www.gstatic.com/images/icons/material/system_gm/2x/ev_station_gm_blue_24dp.png,Tesla,· 22 kW,Total,2,·,,(03) 9536 1111,,No reviews
https://www.google.com/maps/place/Tesla+Destination+Charger/data=!4m7!3m6!1s0x6ad642cf36b35455:0x4b4dee865c26e462!8m2!3d-37.8100453!4d144.970528!16s%2Fg%2F11fks63z0g!19sChIJVVSzNs9C1moRYuQmXIbuTUs?authuser=0&hl=en&rclk=1,Tesla Destination Charger,5,-1,·,Electric vehicle charging station,·,59 Lonsdale St,https://www.chargefox.com/,https://www.gstatic.com/images/icons/material/system_gm/2x/public_gm_blue_24dp.png,Website,https://maps.gstatic.com/consumer/images/icons/2x/ic_directions_gm_blue_24px.png,Directions,https://www.gstatic.com/images/icons/material/system_gm/2x/ev_station_gm_blue_24dp.png,Tesla,· 7 kW,Total,2,·,,(03) 9613 0000,,
https://www.google.com/maps/place/Tesla+Destination+Charger/data=!4m7!3m6!1s0x6ad624f1354b0883:0x87a801a638984987!8m2!3d-37.863358!4d145.353055!16s%2Fg%2F11gr3dwcb2!19sChIJgwhLNfEk1moRh0mYOKYBqIc?authuser=0&hl=en&rclk=1,Tesla Destination Charger,,,·,Electric vehicle charging station,·,361 Mount Dandenong Tourist Rd,,https://maps.gstatic.com/consumer/images/icons/2x/ic_directions_gm_blue_24px.png,Directions,,,https://www.gstatic.com/images/icons/material/system_gm/2x/ev_station_gm_blue_24dp.png,Tesla,· 22 kW,Total,1,·,(03) 9755 3332,,,No reviews
https://www.google.com/maps/place/Chargefox+Charging+Station/data=!4m7!3m6!1s0x6ad66a6603c34529:0x726702c1df8bbc87!8m2!3d-37.8861421!4d145.0826588!16s%2Fg%2F11s5vyk8mm!19sChIJKUXDA2Zq1moRh7yL38ECZ3I?authuser=0&hl=en&rclk=1,Chargefox Charging Station,,,·,Electric vehicle charging station,·,1341 Dandenong Rd,https://www.tesla.com/charging,https://www.gstatic.com/images/icons/material/system_gm/2x/public_gm_blue_24dp.png,Website,https://maps.gstatic.com/consumer/images/icons/2x/ic_directions_gm_blue_24px.png,Directions,https://www.gstatic.com/images/icons/material/system_gm/2x/ev_station_gm_blue_24dp.png,Type 2,· 7 kW,,5-May,·,,1300 518 038,,No reviews
https://www.google.com/maps/place/Chargefox+Charging+Station/data=!4m7!3m6!1s0x6ad63a8541c8a48b:0x11b9fb8cbc63349a!8m2!3d-37.7969198!4d145.2798645!16s%2Fg%2F11s2m7g_2l!19sChIJi6TIQYU61moRmjRjvIz7uRE?authuser=0&hl=en&rclk=1,Chargefox Charging Station,,,·,Electric vehicle charging station,·,4/16 Devon St,https://www.chargefox.com/,https://www.gstatic.com/images/icons/material/system_gm/2x/public_gm_blue_24dp.png,Website,https://maps.gstatic.com/consumer/images/icons/2x/ic_directions_gm_blue_24px.png,Directions,https://www.gstatic.com/images/icons/material/system_gm/2x/ev_station_gm_blue_24dp.png,Type 2,· 7 kW,,4-Apr,·,1300 518 038,,,No reviews
https://www.google.com/maps/place/Tesla+Destination+Charger/data=!4m7!3m6!1s0x6ad65d67d849e8b9:0xbb73663e54062ea7!8m2!3d-37.8132469!4d144.937184!16s%2Fg%2F11fcpsdm77!19sChIJuehJ2Gdd1moRpy4GVD5mc7s?authuser=0&hl=en&rclk=1,Tesla Destination Charger,,,·,Electric vehicle charging station,·,440 Docklands Dr,https://www.chargefox.com/,https://www.gstatic.com/images/icons/material/system_gm/2x/public_gm_blue_24dp.png,Website,https://maps.gstatic.com/consumer/images/icons/2x/ic_directions_gm_blue_24px.png,Directions,https://www.gstatic.com/images/icons/material/system_gm/2x/ev_station_gm_blue_24dp.png,Tesla,· 22 kW,Total,1,·,,(03) 9328 8600,,No reviews
https://www.google.com/maps/place/Tesla+Destination+Charger/data=!4m7!3m6!1s0x6ad65d4e91ec4e69:0x3a156eb035817ecd!8m2!3d-37.8162367!4d144.9548037!16s%2Fg%2F11gmy8k_4c!19sChIJaU7skU5d1moRzX6BNbBuFTo?authuser=0&hl=en&rclk=1,Tesla Destination Charger,,,·,Electric vehicle charging station,·,636 Bourke St,https://www.chargefox.com/,https://www.gstatic.com/images/icons/material/system_gm/2x/public_gm_blue_24dp.png,Website,https://maps.gstatic.com/consumer/images/icons/2x/ic_directions_gm_blue_24px.png,Directions,https://www.gstatic.com/images/icons/material/system_gm/2x/ev_station_gm_blue_24dp.png,Tesla,· 22 kW,Total,2,·,,(03) 8608 5500,,No reviews
https://www.google.com/maps/place/Chargefox+Charging+Station/data=!4m7!3m6!1s0x6ad644f862400de7:0xee39cb6f1ce1513f!8m2!3d-37.7401647!4d145.0043045!16s%2Fg%2F11hzjqs09j!19sChIJ5w1AYvhE1moRP1HhHG_LOe4?authuser=0&hl=en&rclk=1,Chargefox Charging Station,,,·,Electric vehicle charging station,·,274 Gower St,https://www.tesla.com/,https://www.gstatic.com/images/icons/material/system_gm/2x/public_gm_blue_24dp.png,Website,https://maps.gstatic.com/consumer/images/icons/2x/ic_directions_gm_blue_24px.png,Directions,https://www.gstatic.com/images/icons/material/system_gm/2x/ev_station_gm_blue_24dp.png,Type 2,· 7 kW,,2-Feb,·,,1300 518 038,,No reviews
https://www.google.com/maps/place/Chargefox+Charging+Station/data=!4m7!3m6!1s0x6ad642537e307dc7:0xf6ffaf6bb0b2ae6e!8m2!3d-37.8122418!4d145.0108122!16s%2Fg%2F11rq3hj3jz!19sChIJx30wflNC1moRbq6ysGuv__Y?authuser=0&hl=en&rclk=1,Chargefox Charging Station,4,-1,·,Electric vehicle charging station,·,630 Victoria St,https://www.tesla.com/,https://www.gstatic.com/images/icons/material/system_gm/2x/public_gm_blue_24dp.png,Website,https://maps.gstatic.com/consumer/images/icons/2x/ic_directions_gm_blue_24px.png,Directions,https://www.gstatic.com/images/icons/material/system_gm/2x/ev_station_gm_blue_24dp.png,Type 2,· 22 kW,,3-Apr,·,,1300 518 038,,
https://www.google.com/maps/place/Tesla+Supercharger/data=!4m7!3m6!1s0x6ad64183b83bca45:0x9568c5df6274051c!8m2!3d-37.8286488!4d145.0563957!16s%2Fg%2F11hfy7j_pl!19sChIJRco7uINB1moRHAV0Yt_FaJU?authuser=0&hl=en&rclk=1,Tesla Supercharger,4.1,-14,·,Electric vehicle charging station,·,793 Burke Rd,https://www.chargefox.com/,https://www.gstatic.com/images/icons/material/system_gm/2x/public_gm_blue_24dp.png,Website,https://maps.gstatic.com/consumer/images/icons/2x/ic_directions_gm_blue_24px.png,Directions,https://www.gstatic.com/images/icons/material/system_gm/2x/ev_station_gm_blue_24dp.png,Type 2,· 4.5 kW,,1-Jan,·,Open 24 hours,1300 518 038,·,
https://www.google.com/maps/place/Chargefox+Charging+Station/data=!4m7!3m6!1s0x6ad6468b823fffff:0xa3fc39a5cdfae260!8m2!3d-37.7591293!4d145.0685473!16s%2Fg%2F11fly_11wm!19sChIJ__8_gotG1moRYOL6zaU5_KM?authuser=0&hl=en&rclk=1,Chargefox Charging Station,,,·,Electric vehicle charging station,·,451 Lower Heidelberg Rd,https://www.chargefox.com/,https://www.gstatic.com/images/icons/material/system_gm/2x/public_gm_blue_24dp.png,Website,https://maps.gstatic.com/consumer/images/icons/2x/ic_directions_gm_blue_24px.png,Directions,https://www.gstatic.com/images/icons/material/system_gm/2x/ev_station_gm_blue_24dp.png,Type 2,· 22 kW,,4-Apr,·,,1300 518 038,,No reviews
https://www.google.com/maps/place/Evie+Charging+Station/data=!4m7!3m6!1s0x6ad669c2a06456fb:0x276afc0d2156e385!8m2!3d-37.8634194!4d145.0272358!16s%2Fg%2F11s7dmvhcb!19sChIJ-1ZkoMJp1moRheNWIQ38aic?authuser=0&hl=en&rclk=1,Evie Charging Station,4,-1,·,Electric vehicle charging station,·,110/122 Wattletree Rd,https://www.tesla.com/supercharger,https://www.gstatic.com/images/icons/material/system_gm/2x/public_gm_blue_24dp.png,Website,https://maps.gstatic.com/consumer/images/icons/2x/ic_directions_gm_blue_24px.png,Directions,https://www.gstatic.com/images/icons/material/system_gm/2x/ev_station_gm_blue_24dp.png,CHAdeMO,· 50 kW,,2-Feb,·,Open 24 hours,1300 463 843,,
https://www.google.com/maps/place/Tesla+Destination+Charger/data=!4m7!3m6!1s0x6ad65d4bd869b3e7:0x18a69259dc4338fa!8m2!3d-37.813111!4d144.955756!16s%2Fg%2F11fct40dk5!19sChIJ57Np2Etd1moR-jhD3FmSphg?authuser=0&hl=en&rclk=1,Tesla Destination Charger,,,·,Electric vehicle charging station,·,535 Little Lonsdale St,https://www.chargefox.com/,https://www.gstatic.com/images/icons/material/system_gm/2x/public_gm_blue_24dp.png,Website,https://maps.gstatic.com/consumer/images/icons/2x/ic_directions_gm_blue_24px.png,Directions,https://www.gstatic.com/images/icons/material/system_gm/2x/ev_station_gm_blue_24dp.png,Tesla,· 22 kW,Total,2,·,Open 24 hours,1300 518 038,·,No reviews
https://www.google.com/maps/place/Tesla+Destination+Charger/data=!4m7!3m6!1s0x6ad642b7ea4fe737:0xe3ba90242fd68c94!8m2!3d-37.816238!4d144.970955!16s%2Fg%2F11gmyvf4gg!19sChIJN-dP6rdC1moRlIzWLySQuuM?authuser=0&hl=en&rclk=1,Tesla Destination Charger,1,-1,·,Electric vehicle charging station,·,114 Flinders St,https://www.goevie.com.au/,https://www.gstatic.com/images/icons/material/system_gm/2x/public_gm_blue_24dp.png,Website,https://maps.gstatic.com/consumer/images/icons/2x/ic_directions_gm_blue_24px.png,Directions,https://www.gstatic.com/images/icons/material/system_gm/2x/ev_station_gm_blue_24dp.png,Tesla,· 4 kW,Total,3,·,,(03) 9674 3200,,
https://www.google.com/maps/place/Tesla+Destination+Charger/data=!4m7!3m6!1s0x6ad642cd01f41301:0x1bb0cda32ca091c2!8m2!3d-37.805694!4d144.9636109!16s%2Fg%2F11h6qjy1d2!19sChIJARP0Ac1C1moRwpGgLKPNsBs?authuser=0&hl=en&rclk=1,Tesla Destination Charger,,,·,Electric vehicle charging station,·,488 Swanston St,https://www.tesla.com/,https://www.gstatic.com/images/icons/material/system_gm/2x/public_gm_blue_24dp.png,Website,https://maps.gstatic.com/consumer/images/icons/2x/ic_directions_gm_blue_24px.png,Directions,https://www.gstatic.com/images/icons/material/system_gm/2x/ev_station_gm_blue_24dp.png,Tesla,· 11 kW,Total,2,·,Open 24 hours,(03) 9225 9000,,No reviews
https://www.google.com/maps/place/Chargefox+Charging+Station/data=!4m7!3m6!1s0x6ad642b7761f6199:0xac3203662a9bc98b!8m2!3d-37.8177027!4d144.9712506!16s%2Fg%2F11sfpnffgg!19sChIJmWEfdrdC1moRi8mbKmYDMqw?authuser=0&hl=en&rclk=1,Chargefox Charging Station,,,·,Electric vehicle charging station,·,Russell St Ext,https://www.tesla.com/en_AU/destination-charging,https://www.gstatic.com/images/icons/material/system_gm/2x/public_gm_blue_24dp.png,Website,https://maps.gstatic.com/consumer/images/icons/2x/ic_directions_gm_blue_24px.png,Directions,https://www.gstatic.com/images/icons/material/system_gm/2x/ev_station_gm_blue_24dp.png,Type 2,· 11 kW,,1-Feb,·,,1300 518 038,,No reviews
https://www.google.com/maps/place/Porsche+Destination+Charging+Station/data=!4m7!3m6!1s0x6ad65d2d95a2cea9:0x50dc22dcafb9dcff!8m2!3d-37.8198211!4d144.9583003!16s%2Fg%2F11h53pt2rz!19sChIJqc6ilS1d1moR_9y5r9wi3FA?authuser=0&hl=en&rclk=1,Porsche Destination Charging Station,5,-1,·,Electric vehicle charging station,·,474 Flinders St,,https://maps.gstatic.com/consumer/images/icons/2x/ic_directions_gm_blue_24px.png,Directions,,,https://www.gstatic.com/images/icons/material/system_gm/2x/ev_station_gm_blue_24dp.png,Type 2,· 11 kW,Total,2,,,,,
https://www.google.com/maps/place/Electric+Vehicle+Charging+Station/data=!4m7!3m6!1s0x6ad5df3a4e2ae817:0x81aefb9cc21cd482!8m2!3d-38.2207233!4d145.0612025!16s%2Fg%2F11fpsy_wjb!19sChIJF-gqTjrf1WoRgtQcwpz7roE?authuser=0&hl=en&rclk=1,Electric Vehicle Charging Station,4.5,-2,·,Electric vehicle charging station,,,,https://maps.gstatic.com/consumer/images/icons/2x/ic_directions_gm_blue_24px.png,Directions,,,https://www.gstatic.com/images/icons/material/system_gm/2x/ev_station_gm_blue_24dp.png,Type 2,,Total,4,,,,,
https://www.google.com/maps/place/Chargefox+Charging+Station/data=!4m7!3m6!1s0x6ad674da5fe04f29:0xcb804174e95d2744!8m2!3d-38.1404264!4d145.1251614!16s%2Fg%2F11t60gbgrr!19sChIJKU_gX9p01moRRCdd6XRBgMs?authuser=0&hl=en&rclk=1,Chargefox Charging Station,,,·,Electric vehicle charging station,·,28 Beach St,https://www.chargefox.com/,https://www.gstatic.com/images/icons/material/system_gm/2x/public_gm_blue_24dp.png,Website,https://maps.gstatic.com/consumer/images/icons/2x/ic_directions_gm_blue_24px.png,Directions,https://www.gstatic.com/images/icons/material/system_gm/2x/ev_station_gm_blue_24dp.png,Type 2,· 22 kW,,2-Feb,·,1300 518 038,,,No reviews
https://www.google.com/maps/place/Chargefox+Charging+Station/data=!4m7!3m6!1s0x6ad6434ab9cf0747:0xcc580289ca78122a!8m2!3d-37.7737797!4d144.9618942!16s%2Fg%2F11k6f1pkms!19sChIJRwfPuUpD1moRKhJ4yokCWMw?authuser=0&hl=en&rclk=1,Chargefox Charging Station,4.7,-15,·,Electric vehicle charging station,·,13-15 Edward St,https://www.chargefox.com/,https://www.gstatic.com/images/icons/material/system_gm/2x/public_gm_blue_24dp.png,Website,https://maps.gstatic.com/consumer/images/icons/2x/ic_directions_gm_blue_24px.png,Directions,https://www.gstatic.com/images/icons/material/system_gm/2x/ev_station_gm_blue_24dp.png,CHAdeMO,· 50 kW,,1-Feb,·,1300 518 038,,,
https://www.google.com/maps/place/Chargefox+Charging+Station/data=!4m7!3m6!1s0x6ad668150fc54041:0xb14c5e2d70bc851e!8m2!3d-37.8543276!4d144.981272!16s%2Fg%2F11s5k6dq0_!19sChIJQUDFDxVo1moRHoW8cC1eTLE?authuser=0&hl=en&rclk=1,Chargefox Charging Station,,,·,Electric vehicle charging station,·,632 St Kilda Rd,https://www.chargefox.com/,https://www.gstatic.com/images/icons/material/system_gm/2x/public_gm_blue_24dp.png,Website,https://maps.gstatic.com/consumer/images/icons/2x/ic_directions_gm_blue_24px.png,Directions,https://www.gstatic.com/images/icons/material/system_gm/2x/ev_station_gm_blue_24dp.png,Type 2,· 22 kW,,1-Jan,·,,1300 518 038,,No reviews
https://www.google.com/maps/place/Evie+Charging+Station/data=!4m7!3m6!1s0x6ad642e2a4176d2b:0xeb631b856ee8aabb!8m2!3d-37.8044708!4d144.9932696!16s%2Fg%2F11smv_w1vv!19sChIJK20XpOJC1moRu6roboUbY-s?authuser=0&hl=en&rclk=1,Evie Charging Station,5,-2,·,Electric vehicle charging station,·,13 Stanton St,https://www.chargefox.com/,https://www.gstatic.com/images/icons/material/system_gm/2x/public_gm_blue_24dp.png,Website,https://maps.gstatic.com/consumer/images/icons/2x/ic_directions_gm_blue_24px.png,Directions,https://www.gstatic.com/images/icons/material/system_gm/2x/ev_station_gm_blue_24dp.png,CHAdeMO,· 50 kW,,2-Feb,·,Open 24 hours,1300 518 038,·,
https://www.google.com/maps/place/Tesla+Supercharger/data=!4m7!3m6!1s0x6ad5dddb38c017c3:0x4be5edd1fac52ca!8m2!3d-38.2344065!4d145.0510339!16s%2Fg%2F11pkk72nqg!19sChIJwxfAONvd1WoRylKsH91evgQ?authuser=0&hl=en&rclk=1,Tesla Supercharger,5,-3,·,Electric vehicle charging station,·,1300 518 038,https://www.chargefox.com/,https://www.gstatic.com/images/icons/material/system_gm/2x/public_gm_blue_24dp.png,Website,https://maps.gstatic.com/consumer/images/icons/2x/ic_directions_gm_blue_24px.png,Directions,https://www.gstatic.com/images/icons/material/system_gm/2x/ev_station_gm_blue_24dp.png,Tesla,· 250 kW,Total,12,,Open 24 hours,,,
https://www.google.com/maps/place/Chargefox+Charging+Station/data=!4m7!3m6!1s0x6ad669a369773ab1:0xe20652f3a99f3e44!8m2!3d-37.8808127!4d145.0225901!16s%2Fg%2F11qs31gv_l!19sChIJsTp3aaNp1moRRD6fqfNSBuI?authuser=0&hl=en&rclk=1,Chargefox Charging Station,4,-1,·,Electric vehicle charging station,·,Glen Eira Rd,https://goevie.com.au/,https://www.gstatic.com/images/icons/material/system_gm/2x/public_gm_blue_24dp.png,Website,https://maps.gstatic.com/consumer/images/icons/2x/ic_directions_gm_blue_24px.png,Directions,https://www.gstatic.com/images/icons/material/system_gm/2x/ev_station_gm_blue_24dp.png,Type 2,· 7 kW,,4-Apr,·,Open 24 hours,1300 518 038,,
https://www.google.com/maps/place/Chargefox+Charging+Station/data=!4m7!3m6!1s0x6ad637e09f7f5cdb:0x3c9cd6f23f7f5fc2!8m2!3d-37.7234884!4d145.1417052!16s%2Fg%2F11rfmv991r!19sChIJ21x_n-A31moRwl9_P_LWnDw?authuser=0&hl=en&rclk=1,Chargefox Charging Station,5,-1,·,Electric vehicle charging station,·,40 Brougham St,http://tesla.com/supercharging,https://www.gstatic.com/images/icons/material/system_gm/2x/public_gm_blue_24dp.png,Website,https://maps.gstatic.com/consumer/images/icons/2x/ic_directions_gm_blue_24px.png,Directions,https://www.gstatic.com/images/icons/material/system_gm/2x/ev_station_gm_blue_24dp.png,Type 2,· 7 kW,,4-Apr,·,Open 24 hours,·,1300 518 038,
https://www.google.com/maps/place/Chargefox+Charging+Station/data=!4m7!3m6!1s0x6ad6434b384e1f95:0x55adc463b198f2c3!8m2!3d-37.7714494!4d144.961989!16s%2Fg%2F11hcz385cv!19sChIJlR9OOEtD1moRw_KYsWPErVU?authuser=0&hl=en&rclk=1,Chargefox Charging Station,5,-4,·,Electric vehicle charging station,·,1 David St,https://www.chargefox.com/,https://www.gstatic.com/images/icons/material/system_gm/2x/public_gm_blue_24dp.png,Website,https://maps.gstatic.com/consumer/images/icons/2x/ic_directions_gm_blue_24px.png,Directions,https://www.gstatic.com/images/icons/material/system_gm/2x/ev_station_gm_blue_24dp.png,Type 2,· 22 kW,,,·,,1300 518 038,,
https://www.google.com/maps/place/Chargefox+Charging+Station/data=!4m7!3m6!1s0x6ad6485aecbc4b8f:0x8c3de2d2177199fc!8m2!3d-37.7020501!4d145.1026987!16s%2Fg%2F11h5s8twr7!19sChIJj0u87FpI1moR_JlxF9LiPYw?authuser=0&hl=en&rclk=1,Chargefox Charging Station,,,·,Electric vehicle charging station,·,25 Main St,https://www.chargefox.com/,https://www.gstatic.com/images/icons/material/system_gm/2x/public_gm_blue_24dp.png,Website,https://maps.gstatic.com/consumer/images/icons/2x/ic_directions_gm_blue_24px.png,Directions,https://www.gstatic.com/images/icons/material/system_gm/2x/ev_station_gm_blue_24dp.png,Type 2,· 22 kW,,3-Apr,·,Open 24 hours,1300 518 038,,No reviews
https://www.google.com/maps/place/Chargefox+Charging+Station/data=!4m7!3m6!1s0x6ad6404f7d4e3e15:0x31245eeb220d071d!8m2!3d-37.8542427!4d145.1043361!16s%2Fg%2F11j3t4n2dp!19sChIJFT5OfU9A1moRHQcNIuteJDE?authuser=0&hl=en&rclk=1,Chargefox Charging Station,,,·,Electric vehicle charging station,·,97 Highbury Rd,https://www.chargefox.com/,https://www.gstatic.com/images/icons/material/system_gm/2x/public_gm_blue_24dp.png,Website,https://maps.gstatic.com/consumer/images/icons/2x/ic_directions_gm_blue_24px.png,Directions,https://www.gstatic.com/images/icons/material/system_gm/2x/ev_station_gm_blue_24dp.png,Unknown connector,· 10.5 kW,,1-Jan,·,,1300 518 038,,No reviews
https://www.google.com/maps/place/Chargefox+Charging+Station/data=!4m7!3m6!1s0x6ad6679ad12e744f:0x106a5e7f33de1fcc!8m2!3d-37.8283249!4d144.9257637!16s%2Fg%2F11sx0ttv1s!19sChIJT3Qu0Zpn1moRzB_eM39eahA?authuser=0&hl=en&rclk=1,Chargefox Charging Station,,,·,Electric vehicle charging station,·,2 Thackray Rd,https://www.chargefox.com/,https://www.gstatic.com/images/icons/material/system_gm/2x/public_gm_blue_24dp.png,Website,https://maps.gstatic.com/consumer/images/icons/2x/ic_directions_gm_blue_24px.png,Directions,https://www.gstatic.com/images/icons/material/system_gm/2x/ev_station_gm_blue_24dp.png,CHAdeMO,· 25 kW,,1-Jan,·,,1300 518 038,,No reviews
https://www.google.com/maps/place/Chargefox+Charging+Station/data=!4m7!3m6!1s0x6ad642546b5362d5:0x30fe426ac9bd9e5f!8m2!3d-37.8132086!4d145.0097036!16s%2Fg%2F11t4bd8w1j!19sChIJ1WJTa1RC1moRX569yWpC_jA?authuser=0&hl=en&rclk=1,Chargefox Charging Station,,,·,Electric vehicle charging station,·,620 Victoria St,https://www.chargefox.com/,https://www.gstatic.com/images/icons/material/system_gm/2x/public_gm_blue_24dp.png,Website,https://maps.gstatic.com/consumer/images/icons/2x/ic_directions_gm_blue_24px.png,Directions,https://www.gstatic.com/images/icons/material/system_gm/2x/ev_station_gm_blue_24dp.png,Type 2,· 22 kW,,2-Feb,·,,1300 518 038,,No reviews
https://www.google.com/maps/place/Tesla+Destination+Charger/data=!4m7!3m6!1s0x6ad6425085844aff:0x806f81c7f5fb2d8f!8m2!3d-37.8197106!4d145.0130928!16s%2Fg%2F11fcqj9vlm!19sChIJ_0qEhVBC1moRjy379ceBb4A?authuser=0&hl=en&rclk=1,Tesla Destination Charger,1,-1,·,Electric vehicle charging station,·,649 Bridge Rd,https://www.chargefox.com/,https://www.gstatic.com/images/icons/material/system_gm/2x/public_gm_blue_24dp.png,Website,https://maps.gstatic.com/consumer/images/icons/2x/ic_directions_gm_blue_24px.png,Directions,https://www.gstatic.com/images/icons/material/system_gm/2x/ev_station_gm_blue_24dp.png,Tesla,· 7 kW,Total,2,·,,(03) 9246 1200,,
https://www.google.com/maps/place/Tesla+Destination+Charger/data=!4m7!3m6!1s0x6ad65d429785c531:0x8c9656e5e9233d11!8m2!3d-37.812753!4d144.939872!16s%2Fg%2F11gnrg9qmk!19sChIJMcWFl0Jd1moRET0j6eVWlow?authuser=0&hl=en&rclk=1,Tesla Destination Charger,,,·,Electric vehicle charging station,·,(03) 9328 8600,https://www.chargefox.com/,https://www.gstatic.com/images/icons/material/system_gm/2x/public_gm_blue_24dp.png,Website,https://maps.gstatic.com/consumer/images/icons/2x/ic_directions_gm_blue_24px.png,Directions,https://www.gstatic.com/images/icons/material/system_gm/2x/ev_station_gm_blue_24dp.png,Tesla,· 22 kW,Total,1,,,,,No reviews
https://www.google.com/maps/place/Evie+Charging+Station/data=!4m7!3m6!1s0x6ad6394ff61d8d59:0x184c15014070db10!8m2!3d-37.83192!4d145.2138971!16s%2Fg%2F11t5dhmv5p!19sChIJWY0d9k851moRENtwQAEVTBg?authuser=0&hl=en&rclk=1,Evie Charging Station,5,-1,·,Electric vehicle charging station,·,401 Canterbury Rd,https://www.tesla.com/,https://www.gstatic.com/images/icons/material/system_gm/2x/public_gm_blue_24dp.png,Website,https://maps.gstatic.com/consumer/images/icons/2x/ic_directions_gm_blue_24px.png,Directions,https://www.gstatic.com/images/icons/material/system_gm/2x/ev_station_gm_blue_24dp.png,CHAdeMO,· 50 kW,,2-Feb,·,,1300 463 843,,
https://www.google.com/maps/place/Chargefox+Charging+Station/data=!4m7!3m6!1s0x6ad64895126d3159:0x6f06b58f606b448a!8m2!3d-37.7018751!4d145.073026!16s%2Fg%2F11s30f0936!19sChIJWTFtEpVI1moRikRrYI-1Bm8?authuser=0&hl=en&rclk=1,Chargefox Charging Station,,,·,Electric vehicle charging station,·,429/439 Grimshaw St,https://www.tesla.com/,https://www.gstatic.com/images/icons/material/system_gm/2x/public_gm_blue_24dp.png,Website,https://maps.gstatic.com/consumer/images/icons/2x/ic_directions_gm_blue_24px.png,Directions,https://www.gstatic.com/images/icons/material/system_gm/2x/ev_station_gm_blue_24dp.png,Type 2,· 7 kW,,1-Jan,·,,1300 518 038,,No reviews
https://www.google.com/maps/place/Chargefox+Charging+Station/data=!4m7!3m6!1s0x6ad64413a57a9f55:0x91572e8a56f1f94d!8m2!3d-37.7670839!4d145.0306003!16s%2Fg%2F11s34lcd2q!19sChIJVZ96pRNE1moRTfnxVoouV5E?authuser=0&hl=en&rclk=1,Chargefox Charging Station,5,-1,·,Electric vehicle charging station,·,370 Darebin Rd,https://www.goevie.com.au/,https://www.gstatic.com/images/icons/material/system_gm/2x/public_gm_blue_24dp.png,Website,https://maps.gstatic.com/consumer/images/icons/2x/ic_directions_gm_blue_24px.png,Directions,https://www.gstatic.com/images/icons/material/system_gm/2x/ev_station_gm_blue_24dp.png,CCS,· 80 kW,Total,2,·,Closed,1300 463 843,·,
https://www.google.com/maps/place/Electric+Vehicle+Charging+Station/data=!4m7!3m6!1s0x6ad643af247c8505:0xece1c5c1460f594!8m2!3d-37.8180822!4d144.964023!16s%2Fg%2F11t3fzr1w_!19sChIJBYV8JK9D1moRlPVgFFwczg4?authuser=0&hl=en&rclk=1,Electric Vehicle Charging Station,,,·,Electric vehicle charging station,·,300 Flinders St,,https://maps.gstatic.com/consumer/images/icons/2x/ic_directions_gm_blue_24px.png,Directions,,,https://www.gstatic.com/images/icons/material/system_gm/2x/ev_station_gm_blue_24dp.png,Tesla,· 4 kW,Total,2,·,1300 518 038,Open 24 hours,,No reviews
https://www.google.com/maps/place/Chargefox+Charging+Station/data=!4m7!3m6!1s0x6ad6678a6d9d600f:0x6b695dd20bda2710!8m2!3d-37.8224143!4d144.9352029!16s%2Fg%2F11s56xfyzh!19sChIJD2CdbYpn1moRECfaC9JdaWs?authuser=0&hl=en&rclk=1,Chargefox Charging Station,,,·,Electric vehicle charging station,·,103 S Wharf Dr,https://www.chargefox.com/,https://www.gstatic.com/images/icons/material/system_gm/2x/public_gm_blue_24dp.png,Website,https://maps.gstatic.com/consumer/images/icons/2x/ic_directions_gm_blue_24px.png,Directions,https://www.gstatic.com/images/icons/material/system_gm/2x/ev_station_gm_blue_24dp.png,Type 2,· 22 kW,,4-Apr,·,Closed,1300 518 038,,No reviews
https://www.google.com/maps/place/ChargePoint+Charging+Station/data=!4m7!3m6!1s0x6ad63fbc09ebd5af:0xdbe192ab544666a9!8m2!3d-37.8754685!4d145.1651138!16s%2Fg%2F11f53sc74c!19sChIJr9XrCbw_1moRqWZGVKuS4ds?authuser=0&hl=en&rclk=1,ChargePoint Charging Station,,,·,Electric vehicle charging station,·,235 Springvale Rd,https://www.chargepoint.com/,https://www.gstatic.com/images/icons/material/system_gm/2x/public_gm_blue_24dp.png,Website,https://maps.gstatic.com/consumer/images/icons/2x/ic_directions_gm_blue_24px.png,Directions,,,,,,,,,,No reviews
https://www.google.com/maps/place/JET+Charge/data=!4m7!3m6!1s0x6ad65d3e9ba3e2bf:0x266c0645f0a4bae0!8m2!3d-37.828786!4d144.9354423!16s%2Fg%2F11c6lctww_!19sChIJv-Kjmz5d1moR4Lqk8EUGbCY?authuser=0&hl=en&rclk=1,JET Charge,5,-43,·,Electric vehicle charging station,·,10/350 Bridge St,https://www.chargefox.com/,https://www.gstatic.com/images/icons/material/system_gm/2x/public_gm_blue_24dp.png,Website,https://maps.gstatic.com/consumer/images/icons/2x/ic_directions_gm_blue_24px.png,Directions,,,,,,·,Closed,1300 518 038,·,
https://www.google.com/maps/place/Tesla+Destination+Charger/data=!4m7!3m6!1s0x6ad6421c185b22fd:0x62e9edeeaa8ab201!8m2!3d-37.8465!4d145.0458149!16s%2Fg%2F11fct3_tyv!19sChIJ_SJbGBxC1moRAbKKqu7t6WI?authuser=0&hl=en&rclk=1,Tesla Destination Charger,,,·,Electric vehicle charging station,·,Toorak Rd,https://www.chargepoint.com/,https://www.gstatic.com/images/icons/material/system_gm/2x/public_gm_blue_24dp.png,Website,https://maps.gstatic.com/consumer/images/icons/2x/ic_directions_gm_blue_24px.png,Directions,,,,,,·,,(03) 9822 3602,,No reviews
https://www.google.com/maps/place/Porsche+Charging+Station/data=!4m7!3m6!1s0x6ad6437974369a59:0x260e5821f0023eed!8m2!3d-37.8217261!4d144.9651844!16s%2Fg%2F11fmpy9dx7!19sChIJWZo2dHlD1moR7T4C8CFYDiY?authuser=0&hl=en&rclk=1,Porsche Charging Station,5,-1,·,Electric vehicle charging station,·,70 City Rd,,https://maps.gstatic.com/consumer/images/icons/2x/ic_directions_gm_blue_24px.png,Directions,,,,,,,,·,1800 727 546,Closed,,
https://www.google.com/maps/place/Chargefox+Charging+Station/data=!4m7!3m6!1s0x6ad60e426cd855d3:0xbf880a0126a6dce0!8m2!3d-38.1018166!4d145.2488922!16s%2Fg%2F11s5vyflbk!19sChIJ01XYbEIO1moR4NymJgEKiL8?authuser=0&hl=en&rclk=1,Chargefox Charging Station,,,·,Electric vehicle charging station,·,4 Flicka Blvd,https://www.tesla.com/,https://www.gstatic.com/images/icons/material/system_gm/2x/public_gm_blue_24dp.png,Website,https://maps.gstatic.com/consumer/images/icons/2x/ic_directions_gm_blue_24px.png,Directions,,,,,,·,,1300 518 038,,No reviews
https://www.google.com/maps/place/Tesla+Destination+Charger/data=!4m7!3m6!1s0x6ad6383a55d8210d:0x14af59a8e48db0e5!8m2!3d-37.7620701!4d145.1678517!16s%2Fg%2F11gmyvfqk3!19sChIJDSHYVTo41moR5bCN5KhZrxQ?authuser=0&hl=en&rclk=1,Tesla Destination Charger,5,-1,·,Electric vehicle charging station,·,181 Reynolds Rd,https://www.tesla.com/,https://www.gstatic.com/images/icons/material/system_gm/2x/public_gm_blue_24dp.png,Website,https://maps.gstatic.com/consumer/images/icons/2x/ic_directions_gm_blue_24px.png,Directions,,,,,,·,(03) 9842 9000,,,
https://www.google.com/maps/place/Evo/data=!4m7!3m6!1s0x6ad63dc7f93277eb:0xe841d5c1a3b8cecc!8m2!3d-37.899758!4d145.2478032!16s%2Fg%2F11g0zwsr9y!19sChIJ63cy-cc91moRzM64o8HVQeg?authuser=0&hl=en&rclk=1,Evo,,,·,Electric vehicle charging station,·,10 Henderson Rd,,https://maps.gstatic.com/consumer/images/icons/2x/ic_directions_gm_blue_24px.png,Directions,,,,,,,,,,,,No reviews
https://www.google.com/maps/place/Melbourne+Museum+electric+vehicle+charging/data=!4m7!3m6!1s0x6ad642da40c9de9f:0xea245f2035c78b22!8m2!3d-37.8031931!4d144.9717675!16s%2Fg%2F1thd6tp3!19sChIJn97JQNpC1moRIovHNSBfJOo?authuser=0&hl=en&rclk=1,Melbourne Museum electric vehicle charging,3.7,-6,·,Electric vehicle charging station,·,11 Nicholson St,,https://maps.gstatic.com/consumer/images/icons/2x/ic_directions_gm_blue_24px.png,Directions,,,,,,,,·,(03) 9842 9000,Open,·,
https://www.google.com/maps/place/Better+Place+Australia+Pty+Ltd/data=!4m7!3m6!1s0x6ad6428e4f1ab8f7:0xa96e5a7229c1384b!8m2!3d-37.8305621!4d144.9961673!16s%2Fg%2F1wzt2hw_!19sChIJ97gaT45C1moRSzjBKXJabqk?authuser=0&hl=en&rclk=1,Better Place Australia Pty Ltd,,,·,Electric vehicle charging station,·,114 Balmain St,,https://maps.gstatic.com/consumer/images/icons/2x/ic_directions_gm_blue_24px.png,Directions,,,,,,,,·,·,Open 24 hours,(03) 8679 0800,No reviews
https://www.google.com/maps/place/Park+n+Plug/data=!4m7!3m6!1s0x6ad64456aaaaaaab:0xaf413d848b1690c3!8m2!3d-37.7399362!4d145.0107588!16s%2Fg%2F11kc9k5qlw!19sChIJq6qqqlZE1moRw5AWi4Q9Qa8?authuser=0&hl=en&rclk=1,Park n Plug,,,·,Electric vehicle charging station,·,468 High St,http://parknplug.com.au/,https://www.gstatic.com/images/icons/material/system_gm/2x/public_gm_blue_24dp.png,Website,https://maps.gstatic.com/consumer/images/icons/2x/ic_directions_gm_blue_24px.png,Directions,,,,,,·,0466 576 281,Open,⋅ Closes 12AM,No reviews
https://www.google.com/maps/place/Electric+Vehicle+Charging+Station/data=!4m7!3m6!1s0x6ad64564626e2ee9:0x37ab09d466333f5!8m2!3d-37.7663276!4d145.0452909!16s%2Fg%2F11rmnnzqds!19sChIJ6S5uYmRF1moR9TNjRp2wegM?authuser=0&hl=en&rclk=1,Electric Vehicle Charging Station,4,-1,·,Electric vehicle charging station,·,275 Upper Heidelberg Rd,,https://maps.gstatic.com/consumer/images/icons/2x/ic_directions_gm_blue_24px.png,Directions,,,,,,,,·,,Open 24 hours,,
https://www.google.com/maps/place/Electric+Vehicle+Charging+Station/data=!4m7!3m6!1s0x6ad647aec1b41aa9:0x45d501765818aca3!8m2!3d-37.7295518!4d145.0573137!16s%2Fg%2F11j6tvz3_x!19sChIJqRq0wa5H1moRo6wYWHYB1UU?authuser=0&hl=en&rclk=1,Electric Vehicle Charging Station,,,·,Electric vehicle charging station,·,1/179 Bamfield Rd,,https://maps.gstatic.com/consumer/images/icons/2x/ic_directions_gm_blue_24px.png,Directions,,,,,,,,·,0466 576 281,Closed,,No reviews
https://www.google.com/maps/place/Recips+Electrical+%26+Data/data=!4m7!3m6!1s0x6ad638d61a7c33c5:0x5563dc57276bdc8d!8m2!3d-37.825054!4d145.1802287!16s%2Fg%2F1tr7jj5c!19sChIJxTN8GtY41moRjdxrJ1fcY1U?authuser=0&hl=en&rclk=1,Recips Electrical & Data,5,-14,·,Electric vehicle charging station,·,11/56 Norcal Rd,https://recips.com.au/,https://www.gstatic.com/images/icons/material/system_gm/2x/public_gm_blue_24dp.png,Website,https://maps.gstatic.com/consumer/images/icons/2x/ic_directions_gm_blue_24px.png,Directions,,,,,,·,·,Closed,⋅ Opens 7AM Mon,
https://www.google.com/maps/place/Protec+Electrical+and+Solar/data=!4m7!3m6!1s0x6ad5dbec42a5e861:0x996c39c96679769b!8m2!3d-38.2445287!4d145.0373824!16s%2Fg%2F11c42pd9jp!19sChIJYeilQuzb1WoRm3Z5Zsk5bJk?authuser=0&hl=en&rclk=1,Protec Electrical and Solar,5,-59,·,Electric vehicle charging station,·,Bentons Rd,http://www.protecelectrics.com.au/,https://www.gstatic.com/images/icons/material/system_gm/2x/public_gm_blue_24dp.png,Website,https://maps.gstatic.com/consumer/images/icons/2x/ic_directions_gm_blue_24px.png,Directions,,,,,,·,·,Closed,⋅ Opens 7AM Sun,
https://www.google.com/maps/place/Frankencycle+Australia+Pty+Ltd/data=!4m7!3m6!1s0x6ad669f333e6683f:0x4ee4788d99bbd2be!8m2!3d-37.8898697!4d145.047128!16s%2Fg%2F1q5bm1kws!19sChIJP2jmM_Np1moRvtK7mY145E4?authuser=0&hl=en&rclk=1,Frankencycle Australia Pty Ltd,5,-5,·,Electric vehicle charging station,·,1259 Glen Huntly Rd,,https://maps.gstatic.com/consumer/images/icons/2x/ic_directions_gm_blue_24px.png,Directions,,,,,,,,·,0419 593 337,Closed,,
https://www.google.com/maps/place/IPACS+Group/data=!4m7!3m6!1s0x6ad616d2c461b103:0xd761e83a4159ef68!8m2!3d-38.037857!4d145.339816!16s%2Fg%2F11g6981_m4!19sChIJA7FhxNIW1moRaO9ZQTroYdc?authuser=0&hl=en&rclk=1,IPACS Group,5,-2,·,Electric vehicle charging station,·,7 Intrepid St,http://www.protecelectrics.com.au/,https://www.gstatic.com/images/icons/material/system_gm/2x/public_gm_blue_24dp.png,Website,https://maps.gstatic.com/consumer/images/icons/2x/ic_directions_gm_blue_24px.png,Directions,,,,,,·,Closed,·,(03) 9769 3377,
https://www.google.com/maps/place/Tesla+Destination+Charger/data=!4m7!3m6!1s0x6ad647701cee4241:0x89138967e14513!8m2!3d-37.7836174!4d145.1261033!16s%2Fg%2F11h6ydcm_q!19sChIJQULuHHBH1moRE0XhZ4kTiQA?authuser=0&hl=en&rclk=1,Tesla Destination Charger,2.2,-5,·,Electric vehicle charging station,·,619 Doncaster Rd,https://www.tesla.com/charging,https://www.gstatic.com/images/icons/material/system_gm/2x/public_gm_blue_24dp.png,Website,https://maps.gstatic.com/consumer/images/icons/2x/ic_directions_gm_blue_24px.png,Directions,https://www.gstatic.com/images/icons/material/system_gm/2x/ev_station_gm_blue_24dp.png,Tesla,· 22 kW,Total,4,·,0419 593 337,Temporarily closed,(03) 9848 1699,