"Link","Name of Parks","MW4etd","UY7F9","W4Efsd","Type","W4Efsd 3","Address","FQ2IWe src","W4Efsd 5","asd2asd","Jn12ke src","ah5Ghc","W6VQef"
"","","","","","","","","","","","","",""
"https://www.google.com/maps/place/Gardiners+Creek+Reserve/data=!4m7!3m6!1s0x6ad6408b2307dd2b:0xf0456760531dcb0!8m2!3d-37.8433333!4d145.1172222!16s%2Fg%2F1v8j0kzp!19sChIJK90HI4tA1moRsNwxBXZWBA8?authuser=0&hl=en&rclk=1","Gardiners Creek Reserve","4.5","(505)","¬∑","Park","¬∑","Open 24 hours","https://lh5.googleusercontent.com/p/AF1QipMCXZtcfCdyWTsR7_2fzqIfRVeyUzMBNcqsucl-=w122-h92-k-no","","","","",""
"https://www.google.com/maps/place/Wattle+Park/data=!4m7!3m6!1s0x6ad640f9d49a06d1:0xf04567605323ea0!8m2!3d-37.8383693!4d145.1056319!16zL20vMDR3bjB0!19sChIJ0Qaa1PlA1moRoD4yBXZWBA8?authuser=0&hl=en&rclk=1","Wattle Park","4.5","(792)","¬∑","Park","¬∑","Open 24 hours","https://lh5.googleusercontent.com/p/AF1QipNXnPQ7XkGajeDlotZy8OdaLB0Rz02jchyBmXkN=w122-h92-k-no","Riversdale Rd","¬∑","","",""
"https://www.google.com/maps/place/Ballyshannassy+Park/data=!4m7!3m6!1s0x6ad6407920aac455:0x876bf87b42b7f1c6!8m2!3d-37.8569321!4d145.1350381!16s%2Fg%2F11cny1hn71!19sChIJVcSqIHlA1moRxvG3Qnv4a4c?authuser=0&hl=en&rclk=1","Ballyshannassy Park","4.1","(125)","¬∑","Park","¬∑","Open 24 hours","https://lh5.googleusercontent.com/p/AF1QipO_BduRTWI0cR-TCVlRsyqczh4clAVX54p5SxWc=w122-h92-k-no","465 Highbury Rd","¬∑","","",""
"https://www.google.com/maps/place/Local+History+Park/data=!4m7!3m6!1s0x6ad641618697b6fd:0xe4f0d51590705b41!8m2!3d-37.8515006!4d145.1093956!16s%2Fg%2F11f6dmwr2v!19sChIJ_baXhmFB1moRQVtwkBXV8OQ?authuser=0&hl=en&rclk=1","Local History Park","4.5","(20)","¬∑","Park","¬∑","Open 24 hours","https://lh5.googleusercontent.com/p/AF1QipMP4NCBiW32CZ_HUm6ko1J8HdAn6OA-cl6fHcOJ=w122-h92-k-no","Gardiners Creek Trail","¬∑","","",""
"https://www.google.com/maps/place/Rees+Street+Reserve/data=!4m7!3m6!1s0x6ad6413da4221a99:0x91b23bef6cea314f!8m2!3d-37.8549684!4d145.1300874!16s%2Fg%2F11pyyfz4mn!19sChIJmRoipD1B1moRTzHqbO87spE?authuser=0&hl=en&rclk=1","Rees Street Reserve","2.5","(2)","¬∑","Park","¬∑","Open 24 hours","https://streetviewpixels-pa.googleapis.com/v1/thumbnail?panoid=IR7YEAVoy3NADQ7VVHwvOQ&cb_client=search.gws-prod.gps&w=80&h=92&yaw=277.9489&pitch=0&thumbfov=100","8A Rees St","¬∑","","",""
"https://www.google.com/maps/place/Muyan+Reserve/data=!4m7!3m6!1s0x6ad64088107c99e5:0xba902edd64089f44!8m2!3d-37.8483431!4d145.1257045!16s%2Fg%2F11f5g6vjcd!19sChIJ5Zl8EIhA1moRRJ8IZN0ukLo?authuser=0&hl=en&rclk=1","Muyan Reserve","5.0","(3)","¬∑","Park","¬∑","","https://lh5.googleusercontent.com/p/AF1QipOvq_HC2MbDAaW4wVNNa9flJ3ai9wSQJqHj31R1=w80-h106-k-no","Muyan Cct","","","",""
"https://www.google.com/maps/place/Lundgren+Chain+Reserve/data=!4m7!3m6!1s0x6ad641cfdb55a5af:0x1da09be89bd5e55c!8m2!3d-37.8554768!4d145.1218475!16s%2Fg%2F11k2b04chz!19sChIJr6VV289B1moRXOXVm-iboB0?authuser=0&hl=en&rclk=1","Lundgren Chain Reserve","4.5","(2)","¬∑","Park","¬∑","Open 24 hours","https://lh5.googleusercontent.com/p/AF1QipNu3rJQapEZcb0RXaCIMFrlI6yUVX-mh-ohr4AB=w122-h92-k-no","","","","",""
"https://www.google.com/maps/place/Wattle+Park+Cricket+Ground/data=!4m7!3m6!1s0x6ad6414c6c099e77:0xf129a80ac97e17ee!8m2!3d-37.8401976!4d145.1048638!16s%2Fg%2F11m_d_zsdh!19sChIJd54JbExB1moR7hd-yQqoKfE?authuser=0&hl=en&rclk=1","Wattle Park Cricket Ground","5.0","(1)","¬∑","Park","¬∑","Open 24 hours","https://lh5.googleusercontent.com/p/AF1QipNSwsrhdq4LzPLyfstOM4ZfCytXMtfDnitBAhYR=w122-h92-k-no","Aug, Bennett Memorial, Pozieres, France 18, 1916 Monsbourgh Dr","¬∑","","",""
"https://www.google.com/maps/place/Gardiners+Creek+Reserve/data=!4m7!3m6!1s0x6ad6412c4b3f14d9:0xcfd3e5c924c1554b!8m2!3d-37.8507135!4d145.1094185!16s%2Fg%2F11gh_glq47!19sChIJ2RQ_SyxB1moRS1XBJMnl088?authuser=0&hl=en&rclk=1","Gardiners Creek Reserve","4.6","(5)","¬∑","Park","¬∑","","https://lh5.googleusercontent.com/p/AF1QipNmYUlcnzAGVlZcHM7Cb0BxWuDiC22cqv8HvcW3=w122-h92-k-no","Gardiners Creek Trail","","","",""
"https://www.google.com/maps/place/Bennettswood+Reserve/data=!4m7!3m6!1s0x6ad6405e937c18e9:0xf0456760532b500!8m2!3d-37.8487155!4d145.1122502!16s%2Fg%2F1tcyrzgz!19sChIJ6Rh8k15A1moRALUyBXZWBA8?authuser=0&hl=en&rclk=1","Bennettswood Reserve","4.7","(53)","¬∑","Park","¬∑","Open 24 hours","https://lh5.googleusercontent.com/p/AF1QipPR8xK90effm5HB4VGwcIWN2k0tzvGXX3C4J8Rl=w163-h92-k-no","Bennettswood Sports Ground","¬∑","","",""
"https://www.google.com/maps/place/Waratah+Reserve/data=!4m7!3m6!1s0x6ad64056a86e01a5:0x122d5ad1341d3fdc!8m2!3d-37.8440888!4d145.0990732!16s%2Fg%2F11gh1w1jtp!19sChIJpQFuqFZA1moR3D8dNNFaLRI?authuser=0&hl=en&rclk=1","Waratah Reserve","4.3","(3)","¬∑","Park","¬∑","","https://lh5.googleusercontent.com/p/AF1QipNfmMv2hR2pUUqVyz24roAivvZW38hrvfcA_Nmt=w163-h92-k-no","Waratah Ave","","","",""
"https://www.google.com/maps/place/Gardiners+Creek+Reserve+Dog+Off+Leash+Area/data=!4m7!3m6!1s0x6ad6415ef3309c7f:0x7d187508d6ce388f!8m2!3d-37.8443045!4d145.1182502!16s%2Fg%2F11rsgzp7qv!19sChIJf5ww815B1moRjzjO1gh1GH0?authuser=0&hl=en&rclk=1","Gardiners Creek Reserve Dog Off Leash Area","","","¬∑","Dog park","¬∑","","https://streetviewpixels-pa.googleapis.com/v1/thumbnail?panoid=SJFlmooE-qCvt0SFPBhmdA&cb_client=search.gws-prod.gps&w=80&h=92&yaw=53.767326&pitch=0&thumbfov=100","38 Glengarry Ave","","","",""
"https://www.google.com/maps/place/Lawrence+Reserve/data=!4m7!3m6!1s0x6ad63f4d19c373b1:0x49754c89ac8fb6a5!8m2!3d-37.8562476!4d145.1381771!16s%2Fg%2F11h_1hb75y!19sChIJsXPDGU0_1moRpbaPrIlMdUk?authuser=0&hl=en&rclk=1","Lawrence Reserve","4.3","(3)","¬∑","Park","¬∑","Open 24 hours","https://lh5.googleusercontent.com/p/AF1QipPvjknP1W7ah7nA1dRTeyX8WuBpiY55CR6tYSRk=w189-h92-k-no","10 Cam St","¬∑","","",""
"https://www.google.com/maps/place/Burwood+Reserve/data=!4m7!3m6!1s0x6ad6404b2ab6401f:0xf04567605318f20!8m2!3d-37.8540106!4d145.0931043!16s%2Fg%2F1tdv_09m!19sChIJH0C2KktA1moRII8xBXZWBA8?authuser=0&hl=en&rclk=1","Burwood Reserve","4.3","(124)","¬∑","Park","¬∑","Open 24 hours","https://lh5.googleusercontent.com/p/AF1QipNEF3_EdGs0WLa7WwGNJ4V70dWL5XHxeWkcodO1=w122-h92-k-no","286 Warrigal Rd","¬∑","","",""
"https://www.google.com/maps/place/Gardiners+Reserve+Dog+Off+Leash+Area/data=!4m7!3m6!1s0x6ad641eef20e19f9:0x32c47e4878b83f5c!8m2!3d-37.8562277!4d145.1013528!16s%2Fg%2F11ny0g9kdp!19sChIJ-RkO8u5B1moRXD-4eEh-xDI?authuser=0&hl=en&rclk=1","Gardiners Reserve Dog Off Leash Area","5.0","(1)","¬∑","Dog park","¬∑","","https://lh5.googleusercontent.com/p/AF1QipPnbj0A5yCzqVyzebZ8pRcPYTKSnVTTHFi5bxyt=w122-h92-k-no","39 Sixth Ave","","","",""
"https://www.google.com/maps/place/Highbury+Park/data=!4m7!3m6!1s0x6ad63f4655c26d93:0x1784b9d0f05688ec!8m2!3d-37.8590083!4d145.150581!16s%2Fg%2F11h_1grbx9!19sChIJk23CVUY_1moR7IhW8NC5hBc?authuser=0&hl=en&rclk=1","Highbury Park","4.3","(4)","¬∑","Park","¬∑","Open 24 hours","https://lh5.googleusercontent.com/p/AF1QipPGi4O2Ccm7wLyviLn0iWPWlLFZ28Qhir-ip5qw=w189-h92-k-no","400 Blackburn Rd","¬∑","","",""
"https://www.google.com/maps/place/Waratah+Avenue+Playground/data=!4m7!3m6!1s0x6ad64175fb1815a3:0x8b641ef7c1a7c957!8m2!3d-37.8438279!4d145.0990232!16s%2Fg%2F11l3c5pvzs!19sChIJoxUY-3VB1moRV8mnwfceZIs?authuser=0&hl=en&rclk=1","Waratah Avenue Playground","","","¬∑","Park","¬∑","","https://lh5.googleusercontent.com/p/AF1QipOZaz_0ez6AcQPwZ9HiSMSOqTHun2fIQXQzrkxz=w122-h92-k-no","19 Waratah Ave","","","",""
"https://www.google.com/maps/place/Narmara-Sugarloaf+Reserve/data=!4m7!3m6!1s0x6ad63f44f5ca4121:0xe2ece52dd7ff8f79!8m2!3d-37.8571097!4d145.1392756!16s%2Fg%2F11pzfjgbqs!19sChIJIUHK9UQ_1moReY__1y3l7OI?authuser=0&hl=en&rclk=1","Narmara-Sugarloaf Reserve","","","¬∑","Park","¬∑","Open 24 hours","https://streetviewpixels-pa.googleapis.com/v1/thumbnail?panoid=W9V_RkGXhQ56b1bOhaKYRQ&cb_client=search.gws-prod.gps&w=80&h=92&yaw=286.7976&pitch=0&thumbfov=100","20 Sugarloaf Cl","¬∑","","",""
"https://www.google.com/maps/place/Sugarloaf-Hotham+Reserve/data=!4m7!3m6!1s0x6ad63f6c0c9774ef:0x298f8dc274ef8208!8m2!3d-37.856964!4d145.139792!16s%2Fg%2F11rqgdd1vb!19sChIJ73SXDGw_1moRCILvdMKNjyk?authuser=0&hl=en&rclk=1","Sugarloaf-Hotham Reserve","","","¬∑","Park","¬∑","Open 24 hours","https://streetviewpixels-pa.googleapis.com/v1/thumbnail?panoid=fURdBXADeEQ1Hu8Dvt4utQ&cb_client=search.gws-prod.gps&w=80&h=92&yaw=75.49639&pitch=0&thumbfov=100","23A Sugarloaf Cl","¬∑","","",""
"https://www.google.com/maps/place/Witchwood+Gully/data=!4m7!3m6!1s0x6ad63f79e99751ed:0x484ec2b6d987223f!8m2!3d-37.8527527!4d145.147652!16s%2Fg%2F11fy0gl21y!19sChIJ7VGX6Xk_1moRPyKH2bbCTkg?authuser=0&hl=en&rclk=1","Witchwood Gully","4.4","(8)","¬∑","Park","¬∑","Closed","https://lh5.googleusercontent.com/p/AF1QipPp_c8MkFoFEyLJWBmpHqpGJ7xYUI6Rg9Z_UhxM=w163-h92-k-no","61 Witchwood Cres","¬∑","","",""
"https://www.google.com/maps/place/Keats+Street+Reserve/data=!4m7!3m6!1s0x6ad63f2859135a1d:0x7606ae4515ab0b33!8m2!3d-37.851333!4d145.1461389!16s%2Fg%2F11fs6y7s94!19sChIJHVoTWSg_1moRMwurFUWuBnY?authuser=0&hl=en&rclk=1","Keats Street Reserve","5.0","(2)","¬∑","Park","¬∑","","https://lh5.googleusercontent.com/p/AF1QipOawmJnBy7v2v5HaP2WKfgT0fio38NLSLDkhQeh=w122-h92-k-no","159 Burwood Hwy","","","",""
"https://www.google.com/maps/place/Burwood+East+Line+Reserve+Park/data=!4m7!3m6!1s0x6ad63f12a25d07e1:0x6a68b2c88d545ce4!8m2!3d-37.8510889!4d145.1609447!16s%2Fg%2F11c71s7nlw!19sChIJ4QddohI_1moR5FxUjciyaGo?authuser=0&hl=en&rclk=1","Burwood East Line Reserve Park","4.2","(6)","¬∑","Park","¬∑","Open 24 hours","https://lh5.googleusercontent.com/p/AF1QipNMrtd5ut61hBCzhex0HrGCtVz7hHJrUCdvMIjU=w122-h92-k-no","33A Pickford St","¬∑","","",""
"https://www.google.com/maps/place/Feathertop+Chase+Basin/data=!4m7!3m6!1s0x6ad63fb715bb0977:0x8892d75ed1758f4b!8m2!3d-37.8565249!4d145.1405288!16s%2Fg%2F11hdsc6zkn!19sChIJdwm7Fbc_1moRS4910V7Xkog?authuser=0&hl=en&rclk=1","Feathertop Chase Basin","3.5","(2)","¬∑","Park","¬∑","Open 24 hours","https://lh5.googleusercontent.com/p/AF1QipOMHinKCXuot--pK-7HHjN1cDdepfVgj2vi9Zn-=w189-h92-k-no","1 Doondoo St","¬∑","","",""
"https://www.google.com/maps/place/East+Burwood+Reserve/data=!4m7!3m6!1s0x6ad63fa4e8f55337:0x35943ffe00c6e25a!8m2!3d-37.8571404!4d145.1593766!16s%2Fg%2F11nxp_46vv!19sChIJN1P16KQ_1moRWuLGAP4_lDU?authuser=0&hl=en&rclk=1","East Burwood Reserve","4.6","(7)","¬∑","Park","¬∑","Open 24 hours","https://lh5.googleusercontent.com/p/AF1QipO6dWMd9ZXhv_6lCf05m_8NysIXSxfwA2n0flZb=w80-h106-k-no","","","","",""
"https://www.google.com/maps/place/Benwerrin+Reserve/data=!4m7!3m6!1s0x6ad63f7a55cece55:0x7691899a2299f5ba!8m2!3d-37.8517219!4d145.1412264!16s%2Fg%2F11hdsc5sb7!19sChIJVc7OVXo_1moRuvWZIpqJkXY?authuser=0&hl=en&rclk=1","Benwerrin Reserve","3.3","(4)","¬∑","Park","¬∑","Open 24 hours","https://lh5.googleusercontent.com/p/AF1QipM_RsUZXpK3w_zCa79IKAOYjoeUnqjqkl426yfW=w189-h92-k-no","2 Benwerrin Dr","¬∑","","",""
"https://www.google.com/maps/place/Gardiners+Creek+Trail/data=!4m7!3m6!1s0x6ad641a7752571d1:0x89c2f63e99e51bc!8m2!3d-37.8428038!4d145.1176562!16s%2Fg%2F11g0tltfmb!19sChIJ0XEldadB1moRvFGe6WMvnAg?authuser=0&hl=en&rclk=1","Gardiners Creek Trail","4.8","(26)","¬∑","Park","¬∑","","https://lh5.googleusercontent.com/p/AF1QipOuTHO3-BB3FGpgQn4A7J1cOGq62mAf-yy61ZQ_=w122-h92-k-no","Gardiners Creek Trail","","","",""
"https://www.google.com/maps/place/Parkhill+Reserve/data=!4m7!3m6!1s0x6ad641454c9f1dab:0x348c2734be7ce7d5!8m2!3d-37.863394!4d145.1105941!16s%2Fg%2F11g0lcvslt!19sChIJqx2fTEVB1moR1ed8vjQnjDQ?authuser=0&hl=en&rclk=1","Parkhill Reserve","4.5","(4)","¬∑","Park","¬∑","","https://lh5.googleusercontent.com/p/AF1QipMbb3QPwnNHLpfP9PziYOwDiI-E1DMvBKuHVobT=w122-h92-k-no","18 Parkhill Dr","","","",""
"https://www.google.com/maps/place/Lincoln+Street+Reserve/data=!4m7!3m6!1s0x6ad63fbe9648de1f:0xa2fd54af4d641517!8m2!3d-37.8599898!4d145.1589673!16s%2Fg%2F11fp3r465g!19sChIJH95Ilr4_1moRFxVkTa9U_aI?authuser=0&hl=en&rclk=1","Lincoln Street Reserve","5.0","(2)","¬∑","Park","¬∑","Open 24 hours","https://streetviewpixels-pa.googleapis.com/v1/thumbnail?panoid=rED3zDFehAr4BX_ZgM4kMA&cb_client=search.gws-prod.gps&w=80&h=92&yaw=195.23009&pitch=0&thumbfov=100","41 Lincoln St","¬∑","","",""
"https://www.google.com/maps/place/Cooper+Reserve/data=!4m7!3m6!1s0x6ad640556d1d5835:0x7f79e6843493491!8m2!3d-37.8397973!4d145.0959847!16s%2Fg%2F11cnm6czff!19sChIJNVgdbVVA1moRkTRJQ2ie9wc?authuser=0&hl=en&rclk=1","Cooper Reserve","4.4","(66)","¬∑","Park","¬∑","Open 24 hours","https://lh5.googleusercontent.com/p/AF1QipO9rcBOBkjb5r_uQYZtQMksMAHzhpCqZ_6_99VJ=w122-h92-k-no","Aminya Pl","¬∑","","",""
"https://www.google.com/maps/place/Harrow+Park/data=!4m7!3m6!1s0x6ad640ba5cf443d7:0x5efa3be647dfe3e6!8m2!3d-37.8214533!4d145.1232563!16s%2Fg%2F11fxxxcmm0!19sChIJ10P0XLpA1moR5uPfR-Y7-l4?authuser=0&hl=en&rclk=1","Harrow Park","4.4","(5)","¬∑","Park","¬∑","","https://lh5.googleusercontent.com/p/AF1QipN9EltZun1Eewx7X28fvJ_HM34qVjJ2qmm1oIz8=w163-h92-k-no","530 Station St","","","",""
"https://www.google.com/maps/place/Boisdale+Street+Reserve/data=!4m7!3m6!1s0x6ad640fbd6d5d2cf:0xd86f839049509119!8m2!3d-37.8357355!4d145.101216!16s%2Fg%2F11d_tfk7qc!19sChIJz9LV1vtA1moRGZFQSZCDb9g?authuser=0&hl=en&rclk=1","Boisdale Street Reserve","4.2","(17)","¬∑","Park","¬∑","Open 24 hours","https://lh5.googleusercontent.com/p/AF1QipOYnIOZ5PLM-Rv2e_aTWhGFVIDyy0-AKzpJiFYG=w122-h92-k-no","","","","",""
"https://www.google.com/maps/place/Electra+reserve/data=!4m7!3m6!1s0x6ad641fe03513f71:0xa50f95e1f617ef0e!8m2!3d-37.8682413!4d145.1089303!16s%2Fg%2F11hll50k3_!19sChIJcT9RA_5B1moRDu8X9uGVD6U?authuser=0&hl=en&rclk=1","Electra reserve","4.4","(15)","¬∑","Park","","","https://lh5.googleusercontent.com/p/AF1QipM7-G0tekV41E3aPpT9B0ngaaYBle7AxYAI8hFQ=w122-h92-k-no","","","","",""
"https://www.google.com/maps/place/Essex+Heights+Reserve/data=!4m7!3m6!1s0x6ad6403f89ea0f51:0xf045676053192a0!8m2!3d-37.8636598!4d145.1136762!16s%2Fg%2F1tcw89nn!19sChIJUQ_qiT9A1moRoJIxBXZWBA8?authuser=0&hl=en&rclk=1","Essex Heights Reserve","4.4","(82)","¬∑","Park","¬∑","Open 24 hours","https://lh5.googleusercontent.com/p/AF1QipMF7jkzyT_lZMOL7YclzU3LlnzapZU3bVoYovWI=w122-h92-k-no","","","","",""
"https://www.google.com/maps/place/Lynden+Park/data=!4m7!3m6!1s0x6ad641ae46c0180f:0x4d22c5ecbe4c84f1!8m2!3d-37.843734!4d145.0868998!16s%2Fg%2F11bxftd4zr!19sChIJDxjARq5B1moR8YRMvuzFIk0?authuser=0&hl=en&rclk=1","Lynden Park","4.4","(196)","¬∑","Park","¬∑","Open 24 hours","https://lh5.googleusercontent.com/p/AF1QipMjMR9XCCAAZUleTvX_jyalk1l2tyH3uCKF7mNj=w163-h92-k-no","Lynden St","¬∑","","",""
"https://www.google.com/maps/place/Box+Hill+Gardens/data=!4m7!3m6!1s0x6ad640b3e6c113e5:0xf045676053238c0!8m2!3d-37.8147061!4d145.1220648!16s%2Fg%2F1tsypxyq!19sChIJ5RPB5rNA1moRwDgyBXZWBA8?authuser=0&hl=en&rclk=1","Box Hill Gardens","4.6","(1,270)","¬∑","Park","¬∑","Open 24 hours","https://lh5.googleusercontent.com/p/AF1QipPjZ6O4SA0Bgnxg0P2vmFCT4NqWxFQKSPs7iFbf=w122-h92-k-no","","","","",""
"https://www.google.com/maps/place/Tally+Ho+Lake/data=!4m7!3m6!1s0x6ad63f0e57ad179f:0xa18d17a815420a45!8m2!3d-37.8568462!4d145.167853!16s%2Fg%2F11n7hs3185!19sChIJnxetVw4_1moRRQpCFagXjaE?authuser=0&hl=en&rclk=1","Tally Ho Lake","5.0","(3)","¬∑","Park","¬∑","Open 24 hours","https://lh5.googleusercontent.com/p/AF1QipPl4Ll1_CDxwlBB-JQRGAZneNjUOmTPQti9ln4V=w122-h92-k-no","","","","",""
"https://www.google.com/maps/place/Wurundjeri+Walk/data=!4m7!3m6!1s0x6ad63f6666b73e21:0xe404e183eb97adcb!8m2!3d-37.8409284!4d145.1462428!16s%2Fg%2F11d_w83qcr!19sChIJIT63ZmY_1moRy62X64PhBOQ?authuser=0&hl=en&rclk=1","Wurundjeri Walk","4.7","(92)","¬∑","Park","¬∑","Open 24 hours","https://lh5.googleusercontent.com/p/AF1QipM26Zxc10VWvl6xXCn28Vd0A6WJxhlFaNjP_TVR=w122-h92-k-no","109 Orchard Grove","¬∑","","",""
"https://www.google.com/maps/place/Through+Road+Reserve/data=!4m7!3m6!1s0x6ad641ac860ddc7d:0x5385bc5355a88221!8m2!3d-37.8424347!4d145.0909996!16s%2Fg%2F11hd8pt4hv!19sChIJfdwNhqxB1moRIYKoVVO8hVM?authuser=0&hl=en&rclk=1","Through Road Reserve","4.7","(15)","¬∑","Park","¬∑","Open 24 hours","https://lh5.googleusercontent.com/p/AF1QipPqcEj0bPcf9Wab-T3zYKinyq2JSMZtIGllRgrO=w163-h92-k-no","Through Rd","¬∑","","",""
"https://www.google.com/maps/place/Apex+Park+Playground/data=!4m7!3m6!1s0x6ad641027dd22407:0xa196dd68f1d43319!8m2!3d-37.8457295!4d145.1060821!16s%2Fg%2F11fk4fz44b!19sChIJByTSfQJB1moRGTPU8WjdlqE?authuser=0&hl=en&rclk=1","Apex Park Playground","4.7","(3)","¬∑","Playground","¬∑","","https://lh5.googleusercontent.com/p/AF1QipMLMKX8dFjOrEsmoEBbsc5cP-m31_yUVT2hcBr2=w122-h92-k-no","4 Faelen St","","","",""
"https://www.google.com/maps/place/Highbury+Park+Playground/data=!4m7!3m6!1s0x6ad63f82dbcdba35:0xc1faa62189ec9369!8m2!3d-37.8583624!4d145.1473929!16s%2Fg%2F11f3j8ldmt!19sChIJNbrN24I_1moRaZPsiSGm-sE?authuser=0&hl=en&rclk=1","Highbury Park Playground","4.2","(26)","¬∑","Playground","¬∑","","https://lh5.googleusercontent.com/p/AF1QipOl_IzwD-WDOb3pxUt9M131ME6ioms-_8l5yX8y=w92-h92-k-no","9 Gareth Dr","","","",""
"https://www.google.com/maps/place/Salisbury+Street+Reserve/data=!4m7!3m6!1s0x6ad6412086a60a21:0x7b75b8868383c01d!8m2!3d-37.872829!4d145.1060519!16s%2Fg%2F11hll54zlp!19sChIJIQqmhiBB1moRHcCDg4a4dXs?authuser=0&hl=en&rclk=1","Salisbury Street Reserve","4.0","(1)","¬∑","Park","¬∑","Open 24 hours","https://streetviewpixels-pa.googleapis.com/v1/thumbnail?panoid=QRMF7UXyBPdEB46qaPM42w&cb_client=search.gws-prod.gps&w=80&h=92&yaw=164.59003&pitch=0&thumbfov=100","","","","",""
"https://www.google.com/maps/place/Holmesglen+Reserve/data=!4m7!3m6!1s0x6ad6402b335d6ad3:0xf0456760532b910!8m2!3d-37.8705961!4d145.0972409!16s%2Fg%2F1tpc82w0!19sChIJ02pdMytA1moRELkyBXZWBA8?authuser=0&hl=en&rclk=1","Holmesglen Reserve","4.3","(135)","¬∑","Park","¬∑","Open 24 hours","https://lh5.googleusercontent.com/p/AF1QipPt_3G85J--k1i-MROVwbwxtxZ7H1zx6tbXpgS_=w80-h106-k-no","","","https://lh3.googleusercontent.com/a/default-user=s40-cc","""Fine to visit, though it seems like just a park between other parks.""","¬∑"
"https://www.google.com/maps/place/Combarton+Park/data=!4m7!3m6!1s0x6ad640bcbba0adb1:0x6077a0ecc1a50715!8m2!3d-37.8262844!4d145.12562!16s%2Fg%2F11c44r71ck!19sChIJsa2gu7xA1moRFQelweygd2A?authuser=0&hl=en&rclk=1","Combarton Park","4.3","(25)","¬∑","Park","¬∑","Open 24 hours","https://lh5.googleusercontent.com/p/AF1QipPnkVrf7lK3NwXGQ4GqQfvScXYDdMEeN5eEJ1-D=w122-h92-k-no","6 Combarton St","¬∑","https://lh3.googleusercontent.com/a/default-user=s40-cc","""I love this park it's one of my fave small parks in Box Hill""","¬∑"
"https://www.google.com/maps/place/Kalang+Park/data=!4m7!3m6!1s0x6ad63f509963d7a1:0xf0456760531e9f0!8m2!3d-37.8273382!4d145.1423557!16s%2Fg%2F11bxfsymqy!19sChIJoddjmVA_1moR8OkxBXZWBA8?authuser=0&hl=en&rclk=1","Kalang Park","4.5","(132)","¬∑","Park","¬∑","Open 24 hours","https://lh5.googleusercontent.com/p/AF1QipO4Ly0WJje5_m2icxq-8tcoPn1_mH-Iixc5v_db=w122-h92-k-no","Kalang St","¬∑","https://lh3.googleusercontent.com/a/default-user=s40-cc","""Beautiful bushland park, lots of bird life, nice seats, good tracks""","¬∑"
"https://www.google.com/maps/place/Travers+Crescent+Reserve/data=!4m7!3m6!1s0x6ad63f732873aff1:0xba0d89712cab2fa3!8m2!3d-37.8539636!4d145.1544501!16s%2Fg%2F11gtbs7xyf!19sChIJ8a9zKHM_1moRoy-rLHGJDbo?authuser=0&hl=en&rclk=1","Travers Crescent Reserve","3.0","(1)","¬∑","Park","¬∑","Open 24 hours","https://lh5.googleusercontent.com/p/AF1QipNcTeUOXINEQ5E1cE3-5Cj-mnUCmaseAtWsR3YU=w189-h92-k-no","15 Travers Cres","¬∑","","",""
"https://www.google.com/maps/place/Wurundjeri+Wetlands/data=!4m7!3m6!1s0x6ad6409d6ef04ea1:0x2dc525c27eccda53!8m2!3d-37.8413433!4d145.1380473!16s%2Fg%2F11d_w7d7q9!19sChIJoU7wbp1A1moRU9rMfsIlxS0?authuser=0&hl=en&rclk=1","Wurundjeri Wetlands","4.5","(61)","¬∑","Park","¬∑","Open 24 hours","https://lh5.googleusercontent.com/p/AF1QipOrWCwU4dxc37h6951UMzf373XJqyuCIZVqKGc8=w122-h92-k-no","","","https://lh3.googleusercontent.com/a/default-user=s40-cc","""Amazing park in the heart of Burwood!""","¬∑"
"https://www.google.com/maps/place/Branksome+Grove+Reserve/data=!4m7!3m6!1s0x6ad63fcaf6cfd107:0x805521f0b974ed79!8m2!3d-37.8322388!4d145.1419329!16s%2Fg%2F11fn0cn32r!19sChIJB9HP9so_1moRee10ufAhVYA?authuser=0&hl=en&rclk=1","Branksome Grove Reserve","4.0","(2)","¬∑","Park","¬∑","Open 24 hours","https://lh5.googleusercontent.com/p/AF1QipNL9qFkNauLMi4WbtFnrqelvBvQYZQGpeijnjYr=w189-h92-k-no","14-32 Branksome Grove","¬∑","","",""
"https://www.google.com/maps/place/Highfield+Park/data=!4m7!3m6!1s0x6ad641a8359dbe27:0xcd9edcc0f7b47608!8m2!3d-37.8361843!4d145.0856456!16s%2Fg%2F11bxftnkpm!19sChIJJ76dNahB1moRCHa098Dcns0?authuser=0&hl=en&rclk=1","Highfield Park","4.4","(184)","¬∑","Park","¬∑","Open 24 hours","https://lh5.googleusercontent.com/p/AF1QipOXywBW1gbRZm-QilKhQFIb0ATBEaxe_-vXu73P=w163-h92-k-no","120 Highfield Rd","¬∑","https://lh3.googleusercontent.com/a/default-user=s40-cc","""Very well designed local park.""","¬∑"
"https://www.google.com/maps/place/South+Surrey+Park/data=!4m7!3m6!1s0x15a289baef0cd89:0xb4eb00257c685f03!8m2!3d-37.8340106!4d145.0924954!16zL20vMGMwZ3Qy!19sChIJic3wrpsoWgERA19ofCUA67Q?authuser=0&hl=en&rclk=1","South Surrey Park","4.4","(84)","¬∑","Park","¬∑","Open 24 hours","https://lh5.googleusercontent.com/p/AF1QipMUZcTT8iPW8H2RLLykSc8gNDdxcw4CHNqvMnem=w122-h92-k-no","909-911 Riversdale Rd, Bonner St","¬∑","https://lh3.googleusercontent.com/a/default-user=s40-cc","""Great park, plenty of amenities.""","¬∑"
"https://www.google.com/maps/place/St+James+Park+Hawthorn,Vic/data=!4m7!3m6!1s0x6ad64370c5fcfd23:0xf39c46af6b15df7a!8m2!3d-37.820395!4d145.0199604!16s%2Fg%2F11g2xrc3m9!19sChIJI_38xXBD1moRet8Va69GnPM?authuser=0&hl=en&rclk=1","St James Park Hawthorn,Vic","4.6","(17)","¬∑","Park","¬∑","","https://lh5.googleusercontent.com/p/AF1QipMe3ALAHvr2DnhgTrP_IOkwTbQqTz7rwfVhFZsX=w122-h92-k-no","Burwood Rd","","https://lh3.googleusercontent.com/a/default-user=s40-cc","""This is a lovely, well maintained park which includes an oval.""","¬∑"
"https://www.google.com/maps/place/Boroondara+Park/data=!4m7!3m6!1s0x6ad64170dfd06e55:0x1da6699418b63806!8m2!3d-37.8212741!4d145.0672178!16s%2Fg%2F11g68xwgc0!19sChIJVW7Q33BB1moRBji2GJRpph0?authuser=0&hl=en&rclk=1","Boroondara Park","4.5","(11)","¬∑","Park","¬∑","Open 24 hours","https://lh5.googleusercontent.com/p/AF1QipOvtgQdyMbQMH7knFitROH7xZ6cKdDCtFIygye_=w137-h92-k-no","Canterbury Rd","¬∑","https://lh3.googleusercontent.com/a/default-user=s40-cc","""Clipper greyhound loves boroondara park""","¬∑"
"https://www.google.com/maps/place/Graham+Bend+Park/data=!4m7!3m6!1s0x6ad640ad00bd4a2f:0x7d318d6196c41fa1!8m2!3d-37.814978!4d145.129043!16s%2Fg%2F11c1xpfdpd!19sChIJL0q9AK1A1moRoR_ElmGNMX0?authuser=0&hl=en&rclk=1","Graham Bend Park","4.5","(4)","¬∑","Park","¬∑","Open 24 hours","https://lh5.googleusercontent.com/p/AF1QipMiW74lyyTM9GQUanrbUgt_P0_I0m4tkIHVoGFx=w163-h92-k-no","46 Graham Pl","¬∑","https://lh3.googleusercontent.com/a/default-user=s40-cc","""Great local park with a play area area with table with seating.""","¬∑"
"https://www.google.com/maps/place/Riversdale+Park/data=!4m7!3m6!1s0x6ad641a023d16e05:0xf04567605318980!8m2!3d-37.8325!4d145.0716667!16s%2Fg%2F11bxfv4gzt!19sChIJBW7RI6BB1moRgIkxBXZWBA8?authuser=0&hl=en&rclk=1","Riversdale Park","4.4","(138)","¬∑","Park","¬∑","Open 24 hours","https://lh5.googleusercontent.com/p/AF1QipNecjqH0x1inmcu_snClar0BcNiX2Qq60IxRZmJ=w122-h92-k-no","Spencer Rd","¬∑","https://lh3.googleusercontent.com/a/default-user=s40-cc","""lovely park and very big with toilets and BBQ with a playground""","¬∑"
"https://www.google.com/maps/place/Box+Hill+to+Ringwood+shared+use+path/data=!4m7!3m6!1s0x6ad640afba3dc54f:0x6b78517fba3d76a9!8m2!3d-37.8201175!4d145.1283337!16s%2Fg%2F11f2h0676h!19sChIJT8U9uq9A1moRqXY9un9ReGs?authuser=0&hl=en&rclk=1","Box Hill to Ringwood shared use path","5.0","(1)","¬∑","Park","¬∑","","https://lh5.googleusercontent.com/p/AF1QipMNP_0XHdsVQNQybxmQuhQc_6zgsgKBaORlmsYb=w189-h92-k-no","Unnamed Road","","","",""
"https://www.google.com/maps/place/Ferndale+Park/data=!4m7!3m6!1s0x6ad641e950eaac59:0xf04567605318e10!8m2!3d-37.8525769!4d145.068991!16s%2Fg%2F1v_z4gg2!19sChIJWazqUOlB1moREI4xBXZWBA8?authuser=0&hl=en&rclk=1","Ferndale Park","4.3","(232)","¬∑","Park","¬∑","Open 24 hours","https://lh5.googleusercontent.com/p/AF1QipNG76IIjmvt53aibrh5JBm5GihWhG1u9prkuXk_=w122-h92-k-no","Back Creek Reserve","¬∑","https://lh3.googleusercontent.com/a/default-user=s40-cc","""One of the best parks going around!""","¬∑"
"https://www.google.com/maps/place/Lundgren+Chain+Reserve+Playground/data=!4m7!3m6!1s0x6ad6412db0c30c0d:0x21f941bec9f3fc4e!8m2!3d-37.8534796!4d145.1133789!16s%2Fg%2F11q2v_jh02!19sChIJDQzDsC1B1moRTvzzyb5B-SE?authuser=0&hl=en&rclk=1","Lundgren Chain Reserve Playground","","","¬∑","Playground","¬∑","","https://lh5.googleusercontent.com/p/AF1QipMrJcDusCQ6T_ly5VZfJ9qjMe1wGeO1Y9g75zoQ=w138-h92-k-no","39 Cumming St","","","",""
"https://www.google.com/maps/place/Holland+Gully+Dog+Off+Leash+Area/data=!4m7!3m6!1s0x6ad63f35339624af:0xb11f1c3b24f39de!8m2!3d-37.8478986!4d145.1440876!16s%2Fg%2F11nxt6q5q0!19sChIJrySWMzU_1moR3jlPssPxEQs?authuser=0&hl=en&rclk=1","Holland Gully Dog Off Leash Area","","","¬∑","Dog park","¬∑","","https://streetviewpixels-pa.googleapis.com/v1/thumbnail?panoid=Psc-CftumuE1pu_-Owgwqw&cb_client=search.gws-prod.gps&w=80&h=92&yaw=181.88336&pitch=0&thumbfov=100","Royton Street and, Eley Rd","","","",""
"https://www.google.com/maps/place/Bogan+Park/data=!4m7!3m6!1s0x6ad6412fd369e25d:0x4a4dbe354fa41618!8m2!3d-37.8189458!4d145.1215933!16s%2Fg%2F11rbc26q9n!19sChIJXeJp0y9B1moRGBakTzW-TUo?authuser=0&hl=en&rclk=1","Bogan Park","5.0","(3)","¬∑","Garden","¬∑","","https://lh5.googleusercontent.com/p/AF1QipO_1SANa9yr5nzYClnD6dJOZSq2lsCceDBvb29J=w198-h92-k-no","50 Main St","","","",""
"https://www.google.com/maps/place/Boroondara+Park/data=!4m7!3m6!1s0x6ad641730ddf6441:0xf0456760531efc0!8m2!3d-37.8244444!4d145.0691667!16s%2Fg%2F1tfgpjlm!19sChIJQWTfDXNB1moRwO8xBXZWBA8?authuser=0&hl=en&rclk=1","Boroondara Park","4.4","(173)","¬∑","Park","¬∑","Open 24 hours","https://lh5.googleusercontent.com/p/AF1QipMgapUe9mfPBoSeIzJ7LmdFEn19Z4VU7JmDWGC6=w122-h92-k-no","","","https://lh3.googleusercontent.com/a/default-user=s40-cc","""Beautiful park great amenities, plenty of parking and a beautiful parkland.""","¬∑"
"https://www.google.com/maps/place/Arthur+Field/data=!4m7!3m6!1s0x6ad640bf8541a519:0xf0456760532b0a0!8m2!3d-37.8253937!4d145.1174011!16s%2Fg%2F1v2kxl05!19sChIJGaVBhb9A1moRoLAyBXZWBA8?authuser=0&hl=en&rclk=1","Arthur Field","4.4","(756)","¬∑","Park","¬∑","Open 24 hours","https://lh5.googleusercontent.com/p/AF1QipMh0hH0WFLGntyhT5YZ9fPR7bJKNkjwhIh7SdzY=w122-h92-k-no","","","https://lh3.googleusercontent.com/a/default-user=s40-cc","""One of the better local parks""","¬∑"
"https://www.google.com/maps/place/Boisdale+Street+Reserve+Dog+Off+Leash+Area/data=!4m7!3m6!1s0x6ad641ecb1ee5e97:0x1f2bc27f03e30b75!8m2!3d-37.8361584!4d145.1015176!16s%2Fg%2F11rsd_wl4p!19sChIJl17usexB1moRdQvjA3_CKx8?authuser=0&hl=en&rclk=1","Boisdale Street Reserve Dog Off Leash Area","","","¬∑","Dog park","¬∑","","https://streetviewpixels-pa.googleapis.com/v1/thumbnail?panoid=pGPxYEYxcm9We_PtE8vPhQ&cb_client=search.gws-prod.gps&w=80&h=92&yaw=187.43378&pitch=0&thumbfov=100","28 Boisdale St","","","",""
"https://www.google.com/maps/place/Sherwood+Park/data=!4m7!3m6!1s0x6ad641517ef035bd:0x45d8d22819fd05d7!8m2!3d-37.8791877!4d145.1271338!16s%2Fg%2F11hdvql324!19sChIJvTXwflFB1moR1wX9GSjS2EU?authuser=0&hl=en&rclk=1","Sherwood Park","4.3","(4)","¬∑","Park","¬∑","","https://lh5.googleusercontent.com/p/AF1QipNLBeeKmsbU7J7LvUVm3kN32BRf1GCwi7TN9cYX=w189-h92-k-no","19-33 Sherwood Rd","","https://lh3.googleusercontent.com/a/default-user=s40-cc","""The middle of the park can also get quite muddy after a down pour.""","¬∑"
"https://www.google.com/maps/place/Bolton+Park/data=!4m7!3m6!1s0x6ad640aa9a95c3a9:0x9f43c57ea7b420e3!8m2!3d-37.817025!4d145.1369617!16s%2Fg%2F11dz3fq4bt!19sChIJqcOVmqpA1moR4yC0p37FQ58?authuser=0&hl=en&rclk=1","Bolton Park","4.3","(15)","¬∑","Park","¬∑","Open 24 hours","https://lh5.googleusercontent.com/p/AF1QipPJZr_zGoakIa0pVDRuGeSd7kaH21gPf5tJd0hJ=w122-h92-k-no","11 Davey St","¬∑","https://lh3.googleusercontent.com/a/default-user=s40-cc","""Its a nice park with a great playground for kids.""","¬∑"
"https://www.google.com/maps/place/Faulkner+Street+Park/data=!4m7!3m6!1s0x6ad63f408443f18f:0xa2b1e864b6eb662!8m2!3d-37.8388364!4d145.1592086!16s%2Fg%2F11g8yv4crf!19sChIJj_FDhEA_1moRYrZuS4YeKwo?authuser=0&hl=en&rclk=1","Faulkner Street Park","4.4","(19)","¬∑","Park","¬∑","Open 24 hours","https://lh5.googleusercontent.com/p/AF1QipNIn-MASiKkHnBgydwpf9sfsP0io9LHGhrALJAI=w80-h106-k-no","28 Faulkner St","¬∑","https://lh3.googleusercontent.com/a/default-user=s40-cc","""Great park, tho slides are a little aggressive for under 4s.""","¬∑"
"https://www.google.com/maps/place/Gardiners+Creek+Trail/data=!4m7!3m6!1s0x6ad640a0e317c7b9:0x54a72a0e78b33c09!8m2!3d-37.8304106!4d145.1350476!16s%2Fg%2F11fxx52fxl!19sChIJuccX46BA1moRCTyzeA4qp1Q?authuser=0&hl=en&rclk=1","Gardiners Creek Trail","4.0","(4)","¬∑","Park","¬∑","Open 24 hours","https://lh5.googleusercontent.com/p/AF1QipPXwuGMt8cY5jJW50Qo02HbmcyIfWI66s8w3cHR=w163-h92-k-no","Gardiners Creek Trail","¬∑","","",""
"https://www.google.com/maps/place/Victoria+Rose+Reserve/data=!4m7!3m6!1s0x6ad640a5a19c620b:0xd8a82f4ee30a72b9!8m2!3d-37.8235183!4d145.1295974!16s%2Fg%2F11g86rcm2r!19sChIJC2KcoaVA1moRuXIK404vqNg?authuser=0&hl=en&rclk=1","Victoria Rose Reserve","4.6","(24)","¬∑","Park","¬∑","Open 24 hours","https://lh5.googleusercontent.com/p/AF1QipNmbo_baAKJS7MIOxhYipwYaRqFQ8xOIgDZPl1N=w122-h92-k-no","21 Victoria St","¬∑","","",""
"https://www.google.com/maps/place/Fordham+Gardens/data=!4m7!3m6!1s0x6ad641be716ede81:0xde08b5b0159646e1!8m2!3d-37.845611!4d145.0731687!16s%2Fg%2F11hcy_02d7!19sChIJgd5ucb5B1moR4UaWFbC1CN4?authuser=0&hl=en&rclk=1","Fordham Gardens","4.6","(111)","¬∑","Park","¬∑","Open 24 hours","https://lh5.googleusercontent.com/p/AF1QipMHoCU7I52tvqGN6MCTZCbriFrLruGVGRyDL_Pd=w92-h92-k-no","","","https://lh3.googleusercontent.com/a/default-user=s40-cc","""A nice little Park üèûÔ∏è""","¬∑"
"https://www.google.com/maps/place/Central+Park/data=!4m7!3m6!1s0x6ad640b6ddd10757:0xfd9a901260b07536!8m2!3d-37.81625!4d145.1197926!16s%2Fg%2F11g0g2bmbx!19sChIJVwfR3bZA1moRNnWwYBKQmv0?authuser=0&hl=en&rclk=1","Central Park","5.0","(1)","¬∑","Park","¬∑","","https://streetviewpixels-pa.googleapis.com/v1/thumbnail?panoid=S2P2FlvNgUfuIcd3NmEMzA&cb_client=search.gws-prod.gps&w=80&h=92&yaw=42.852943&pitch=0&thumbfov=100","12 Nelson Rd","","","",""
"https://www.google.com/maps/place/Furness+Park/data=!4m7!3m6!1s0x6ad63f4e512356c7:0xf0456760531d870!8m2!3d-37.826588!4d145.1503453!16s%2Fg%2F1thx8rtf!19sChIJx1YjUU4_1moRcNgxBXZWBA8?authuser=0&hl=en&rclk=1","Furness Park","4.4","(90)","¬∑","Park","¬∑","Closed","https://lh5.googleusercontent.com/p/AF1QipNlLjRQ0xDrj8H3wFHcIhadV8YQKOdkcCuBayH7=w163-h92-k-no","","","https://lh3.googleusercontent.com/a/default-user=s40-cc","""Such a lovely little park""","¬∑"
"https://www.google.com/maps/place/Cnr+Yarra+St+and+Burwood+Rd,+Hawthorn+Vic+3122/data=!4m7!3m6!1s0x6ad643cef94c4291:0xdd68a6d5a1859dac!8m2!3d-37.8209713!4d145.0208712!16s%2Fg%2F11f8nc0zp3!19sChIJkUJM-c5D1moRrJ2FodWmaN0?authuser=0&hl=en&rclk=1","Cnr Yarra St and Burwood Rd, Hawthorn Vic 3122","4.0","(1)","¬∑","City park","¬∑","","https://lh5.googleusercontent.com/p/AF1QipOvldx59KmtjleNyHoUsDwnZdAKtHCCO4uxa9rF=w122-h92-k-no","Cnr Yarra St and, Burwood Rd","","","",""
"https://www.google.com/maps/place/Jingella+Reserve/data=!4m7!3m6!1s0x6ad6402c5ce86c09:0xf0456760532b920!8m2!3d-37.8705847!4d145.0981009!16s%2Fg%2F1tf02m4v!19sChIJCWzoXCxA1moRILkyBXZWBA8?authuser=0&hl=en&rclk=1","Jingella Reserve","4.2","(33)","¬∑","Park","¬∑","Open 24 hours","https://lh5.googleusercontent.com/p/AF1QipNNt_Rw-TfucmeVcviZLCJOnJcIUAAVA-rh--ou=w154-h92-k-no","106 High St","¬∑","https://lh3.googleusercontent.com/a/default-user=s40-cc","""The park is great also.""","¬∑"
"https://www.google.com/maps/place/Lundgren+Chain+Reserve+Playground/data=!4m7!3m6!1s0x6ad64065ea138dd5:0x93805d07f7dce9a!8m2!3d-37.8559388!4d145.1221377!16s%2Fg%2F11f3jvhm0r!19sChIJ1Y0T6mVA1moRms59f9AFOAk?authuser=0&hl=en&rclk=1","Lundgren Chain Reserve Playground","4.4","(31)","¬∑","Playground","¬∑","","https://lh5.googleusercontent.com/p/AF1QipPTfTEyoewGysPhkC0IjlL2OkNkU_zq83iQLlYc=w122-h92-k-no","247 Highbury Rd","","https://lh3.googleusercontent.com/a/default-user=s40-cc","""A local favourite","¬∑"
"https://www.google.com/maps/place/Ashburton+Park/data=!4m7!3m6!1s0x6ad641ce19f04b6b:0xf04567605319290!8m2!3d-37.8633878!4d145.0870103!16s%2Fg%2F11bxfvsf_k!19sChIJa0vwGc5B1moRkJIxBXZWBA8?authuser=0&hl=en&rclk=1","Ashburton Park","4.3","(87)","¬∑","Park","¬∑","Open 24 hours","https://lh5.googleusercontent.com/p/AF1QipPmgs7liK781KlURui7bTCDz_KkmydAg7MFdIXH=w122-h92-k-no","339 High St","¬∑","https://lh3.googleusercontent.com/a/default-user=s40-cc","""Beaut Park with BBQ facility.""","¬∑"
"https://www.google.com/maps/place/Kingsley+Gardens/data=!4m7!3m6!1s0x6ad640c867399609:0xf04567605318750!8m2!3d-37.815771!4d145.1130998!16s%2Fg%2F1td055pc!19sChIJCZY5Z8hA1moRUIcxBXZWBA8?authuser=0&hl=en&rclk=1","Kingsley Gardens","4.3","(97)","¬∑","Park","¬∑","Open 24 hours","https://lh5.googleusercontent.com/p/AF1QipMTVYm4-ywlWV2ox_gOttQS-t4vfvVxjwluSN6H=w122-h92-k-no","805A Whitehorse Rd","¬∑","https://lh3.googleusercontent.com/a/default-user=s40-cc","""A decent little park.""","¬∑"
"https://www.google.com/maps/place/Artist+Park+Basketball+Hoop/data=!4m7!3m6!1s0x6ad641e816f043fb:0xf37f7b007678e716!8m2!3d-37.8352326!4d145.1285439!16s%2Fg%2F11fqzmwkyz!19sChIJ-0PwFuhB1moRFud4dgB7f_M?authuser=0&hl=en&rclk=1","Artist Park Basketball Hoop","2.5","(2)","¬∑","Park","¬∑","Open 24 hours","https://lh5.googleusercontent.com/p/AF1QipO7N8b8LYQ5FlkLp7h8YXXbMjUu_ZINcLIcDHsL=w80-h106-k-no","32 Beaver St","¬∑","","",""
"https://www.google.com/maps/place/Markham+Reserve/data=!4m7!3m6!1s0x6ad641d64ae436db:0xdbfef7b1f007ca2a!8m2!3d-37.8710515!4d145.0837299!16s%2Fg%2F11y3077d1!19sChIJ2zbkStZB1moRKsoH8LH3_ts?authuser=0&hl=en&rclk=1","Markham Reserve","4.6","(460)","¬∑","Park","¬∑","Open 24 hours","https://lh5.googleusercontent.com/p/AF1QipMP8r0keOJjvfxd6LXp1Xs-GUAML0VnxJWVJ-8=w122-h92-k-no","80 Victory Blvd","¬∑","https://lh3.googleusercontent.com/a/default-user=s40-cc","""Great park for a range of abilities and ages, recently shaded.""","¬∑"
"https://www.google.com/maps/place/Summerhill+Park/data=!4m7!3m6!1s0x6ad641c5bf6a759b:0xf04567605323ff0!8m2!3d-37.8578743!4d145.0820743!16s%2Fg%2F11bxfv_j3m!19sChIJm3Vqv8VB1moR8D8yBXZWBA8?authuser=0&hl=en&rclk=1","Summerhill Park","4.3","(54)","¬∑","Park","¬∑","Open 24 hours","https://lh5.googleusercontent.com/p/AF1QipO_zO9lgstRFz7J4KGuCzC26JNrurUz1HnNvkfL=w122-h92-k-no","46 Audrey Cres","¬∑","https://lh3.googleusercontent.com/a/default-user=s40-cc","""As far as parks go this is average""","¬∑"
"https://www.google.com/maps/place/Shawlands+Avenue+Reserve/data=!4m7!3m6!1s0x6ad63f431dbe2c2f:0xe8a02ca069d0e97d!8m2!3d-37.8361925!4d145.1504435!16s%2Fg%2F11d_w6bfq9!19sChIJLyy-HUM_1moRfenQaaAsoOg?authuser=0&hl=en&rclk=1","Shawlands Avenue Reserve","4.1","(8)","¬∑","Park","¬∑","","https://lh5.googleusercontent.com/p/AF1QipMOBGImxbZ9oX0m8xDwbRvW2p5YnmLJJR7vDX-D=w163-h92-k-no","48 Shawlands Ave","","","",""
"https://www.google.com/maps/place/Picnic+Park/data=!4m7!3m6!1s0x6ad641bff1368615:0xb07876dc0dd15a3!8m2!3d-37.8177934!4d145.1203193!16s%2Fg%2F11m40y4716!19sChIJFYY28b9B1moRoxXdwG2HBws?authuser=0&hl=en&rclk=1","Picnic Park","","","¬∑","Garden","¬∑","","https://streetviewpixels-pa.googleapis.com/v1/thumbnail?panoid=ix8iEwLYN1fe0XaVNfwwRA&cb_client=search.gws-prod.gps&w=80&h=92&yaw=42.18576&pitch=0&thumbfov=100","Unnamed Road","","","",""
"https://www.google.com/maps/place/Whitehorse+Road+Linear+Reserve/data=!4m7!3m6!1s0x6ad640ae95a78f7f:0x380ba400ee9d456!8m2!3d-37.8188891!4d145.1305646!16s%2Fg%2F11g9gqqm1g!19sChIJf4-nla5A1moRVtTpDkC6gAM?authuser=0&hl=en&rclk=1","Whitehorse Road Linear Reserve","4.5","(2)","¬∑","Park","","","https://lh5.googleusercontent.com/p/AF1QipNjGkHqWhHHseOvCJN3dY4nOgv89Dqr6Vj0Ot0A=w163-h92-k-no","","","","",""
"https://www.google.com/maps/place/Edinburgh+Patch/data=!4m7!3m6!1s0x6ad63fe0fa8187e5:0xd75478b7f00199ff!8m2!3d-37.8372119!4d145.1417575!16s%2Fg%2F11hz_3f8vj!19sChIJ5YeB-uA_1moR_5kB8Ld4VNc?authuser=0&hl=en&rclk=1","Edinburgh Patch","4.0","(2)","¬∑","Park","¬∑","Open 24 hours","https://lh5.googleusercontent.com/p/AF1QipNlsVrchGy3Lq0xz0l8cCaFh7Il_nf2TY2G0vX_=w122-h92-k-no","36 Edinburgh Rd","¬∑","https://lh3.googleusercontent.com/a/default-user=s40-cc","""A nice local park for kids to play with great facility.""","¬∑"
"https://www.google.com/maps/place/Fairmont+Avenue+Reserve/data=!4m7!3m6!1s0x6ad641bd811f0295:0x10f1c48e4bb3d859!8m2!3d-37.8425583!4d145.0715758!16s%2Fg%2F11hcyzqjrz!19sChIJlQIfgb1B1moRWdizS47E8RA?authuser=0&hl=en&rclk=1","Fairmont Avenue Reserve","5.0","(3)","¬∑","Park","","","https://lh5.googleusercontent.com/p/AF1QipNxxalf2L-8uxN1KuP-5zoDIxZ93NrhwoBJpZ_e=w122-h92-k-no","","","","",""
"https://www.google.com/maps/place/Willison+Park/data=!4m7!3m6!1s0x6ad641a2a9151d5d:0xf04567605318ac0!8m2!3d-37.8397401!4d145.0717964!16s%2Fg%2F11bxfrys0v!19sChIJXR0VqaJB1moRwIoxBXZWBA8?authuser=0&hl=en&rclk=1","Willison Park","4.1","(70)","¬∑","Park","¬∑","Open 24 hours","https://lh5.googleusercontent.com/p/AF1QipM_xRLyy9rZwCKXVhDh8NQSR6oMPihoUr8OOheP=w122-h92-k-no","8 Culliton Rd","¬∑","https://lh3.googleusercontent.com/a/default-user=s40-cc","""Perfect park for dogs.""","¬∑"
"https://www.google.com/maps/place/Balwyn+Park/data=!4m7!3m6!1s0x6ad6413d8c6167bd:0xf045676053186c0!8m2!3d-37.8134537!4d145.0784302!16s%2Fg%2F11bxfv2657!19sChIJvWdhjD1B1moRwIYxBXZWBA8?authuser=0&hl=en&rclk=1","Balwyn Park","4.5","(209)","¬∑","Park","¬∑","Open 24 hours","https://lh5.googleusercontent.com/p/AF1QipPM4NLN81Dlu9mOPfztBZizeyceMPineGaqLS80=w80-h106-k-no","","","https://lh3.googleusercontent.com/a/default-user=s40-cc","""Recently upgraded park.""","¬∑"
"https://www.google.com/maps/place/Damper+Creek+Walking+Track/data=!4m7!3m6!1s0x6ad640718d0fd669:0x265a8c6602da4bb4!8m2!3d-37.8635658!4d145.1276855!16s%2Fg%2F11dxl8wp1_!19sChIJadYPjXFA1moRtEvaAmaMWiY?authuser=0&hl=en&rclk=1","Damper Creek Walking Track","4.7","(138)","¬∑","Park","¬∑","","https://lh5.googleusercontent.com/p/AF1QipMQIdu4Awo6OBAtUELjKTdQF23NMjh4ClRW-mnu=w122-h92-k-no","38-50 Park Rd","","","",""
"https://www.google.com/maps/place/Gardiners+Creek+Park+Playground/data=!4m7!3m6!1s0x6ad6411a344aac4b:0x7d300ec0baff9104!8m2!3d-37.8429528!4d145.1162725!16s%2Fg%2F11nfv8339p!19sChIJS6xKNBpB1moRBJH_usAOMH0?authuser=0&hl=en&rclk=1","Gardiners Creek Park Playground","4.3","(4)","¬∑","Playground","¬∑","","https://lh5.googleusercontent.com/p/AF1QipONVLgqnufbyvQ7AmauKabsXyHQn8a_UMsi4818=w122-h92-k-no","60 Cadorna St","","","",""
"https://www.google.com/maps/place/Warburton+Road+Reserve/data=!4m7!3m6!1s0x6ad641ff96c1ae7b:0x74182136a1140453!8m2!3d-37.8271179!4d145.0739243!16s%2Fg%2F11pp_d9yhl!19sChIJe67Blv9B1moRUwQUoTYhGHQ?authuser=0&hl=en&rclk=1","Warburton Road Reserve","","","¬∑","Park","","","https://streetviewpixels-pa.googleapis.com/v1/thumbnail?panoid=T65D52ZqDREMUJshCvvTlw&cb_client=search.gws-prod.gps&w=80&h=92&yaw=97.754074&pitch=0&thumbfov=100","","","","",""
"https://www.google.com/maps/place/Surrey+Gardens/data=!4m7!3m6!1s0x6ad640e253733645:0x715416816d2ada4c!8m2!3d-37.8269073!4d145.096103!16zL20vMGMwaDI2!19sChIJRTZzU-JA1moRTNoqbYEWVHE?authuser=0&hl=en&rclk=1","Surrey Gardens","4.4","(99)","¬∑","Park","¬∑","Open 24 hours","https://lh5.googleusercontent.com/p/AF1QipOn6xwV2TYqJi9Co5OmJDVLMVQEE5hfZwOqRzI5=w163-h92-k-no","88 Union Rd","¬∑","https://lh3.googleusercontent.com/a/default-user=s40-cc","""Wonderful little park""","¬∑"
"https://www.google.com/maps/place/Barlyn+Road+Reserve/data=!4m7!3m6!1s0x6ad64146919f179f:0xffa3cb97a5af6352!8m2!3d-37.856509!4d145.114617!16s%2Fg%2F11syx2647s!19sChIJnxefkUZB1moRUmOvpZfLo_8?authuser=0&hl=en&rclk=1","Barlyn Road Reserve","","","¬∑","Park","¬∑","","https://streetviewpixels-pa.googleapis.com/v1/thumbnail?panoid=Gv3uJeYZjaLrGiKF1_8nxA&cb_client=search.gws-prod.gps&w=80&h=92&yaw=341.92587&pitch=0&thumbfov=100","15 Barlyn Rd","","","",""
"https://www.google.com/maps/place/Cooper+Reserve+Dog+Off+Leash+Area/data=!4m7!3m6!1s0x6ad6419e7d94eecf:0x2a118a81d2172b14!8m2!3d-37.8393876!4d145.0968338!16s%2Fg%2F11nxrhnq2v!19sChIJz-6UfZ5B1moRFCsX0oGKESo?authuser=0&hl=en&rclk=1","Cooper Reserve Dog Off Leash Area","","","¬∑","Dog park","¬∑","","https://lh5.googleusercontent.com/p/AF1QipOFNN_CmAx5CXv76NPYOiAoAw8mPIS6yJnE9Mk1=w122-h92-k-no","22 Green St","","","",""
"https://www.google.com/maps/place/Powell+Avenue+Reserve/data=!4m7!3m6!1s0x6ad641e80452d3f3:0x533087221cbb9274!8m2!3d-37.8364372!4d145.0623551!16s%2Fg%2F11fm3pjrhc!19sChIJ89NSBOhB1moRdJK7HCKHMFM?authuser=0&hl=en&rclk=1","Powell Avenue Reserve","3.0","(1)","¬∑","Park","¬∑","","https://lh5.googleusercontent.com/p/AF1QipP_QP5SG6lXDwXTBgkeF3Qy9ymD3LSIRmYgOE2a=w189-h92-k-no","410 Camberwell Rd","","","",""
"https://www.google.com/maps/place/Box+Hill+Cenotaph/data=!4m7!3m6!1s0x6ad6419cb1dccd5f:0xf387e43c7718a39d!8m2!3d-37.814961!4d145.1208736!16s%2Fg%2F11fvwbny9n!19sChIJX83csZxB1moRnaMYdzzkh_M?authuser=0&hl=en&rclk=1","Box Hill Cenotaph","5.0","(3)","¬∑","Memorial park","","","https://lh5.googleusercontent.com/p/AF1QipMkQzED31yK7Rc4otbvygsHAQRUwawHF0onhO_7=w122-h92-k-no","","","https://lh3.googleusercontent.com/a/default-user=s40-cc","""Centrally located in the park and close to the hospital end of the park.""","¬∑"
"https://www.google.com/maps/place/Mont+Albert+Park/data=!4m7!3m6!1s0x6ad640d09419246d:0xf0456760531dbf0!8m2!3d-37.8109938!4d145.1006882!16s%2Fg%2F11bxfvlzl0!19sChIJbSQZlNBA1moR8NsxBXZWBA8?authuser=0&hl=en&rclk=1","Mont Albert Park","4.1","(66)","¬∑","Park","¬∑","Open 24 hours","https://lh5.googleusercontent.com/p/AF1QipNSHnM3Fho0hD7tFne2FHV_jDawl3d9x0byvvo-=w163-h92-k-no","15 Carlyle Cres","¬∑","https://lh3.googleusercontent.com/a/default-user=s40-cc","""What a great park here.""","¬∑"
"https://www.google.com/maps/place/Tassel's+Park/data=!4m7!3m6!1s0x6ad647e435421b9b:0x3bfb4d9916f64328!8m2!3d-37.8020089!4d145.1293194!16s%2Fg%2F11gl1p3npt!19sChIJmxtCNeRH1moRKEP2FplN-zs?authuser=0&hl=en&rclk=1","Tassel's Park","4.6","(22)","¬∑","Park","¬∑","","https://lh5.googleusercontent.com/p/AF1QipMQu1srRJ76pDdsbMLeynaHFRpBroMYymQMi7DZ=w122-h92-k-no","123 Woodhouse Grove","","https://lh3.googleusercontent.com/a/default-user=s40-cc","""Delightful little park.""","¬∑"
"https://www.google.com/maps/place/Belmont+Park/data=!4m7!3m6!1s0x6ad6416c924b2357:0x58d92cbf7ea65de4!8m2!3d-37.8168959!4d145.0694909!16s%2Fg%2F11bxfrc0pv!19sChIJVyNLkmxB1moR5F2mfr8s2Vg?authuser=0&hl=en&rclk=1","Belmont Park","3.9","(10)","¬∑","Park","¬∑","","https://lh5.googleusercontent.com/p/AF1QipNMmxxleCsuZ5ea5_tZ5gIWCKt6B_E9xfDFJaxQ=w122-h92-k-no","65b Mont Albert Rd","","https://lh3.googleusercontent.com/a/default-user=s40-cc","""A very large, well treed park.""","¬∑"
"https://www.google.com/maps/place/McCubbin+Park/data=!4m7!3m6!1s0x6ad63fe29fa7ef59:0x6938abab7356e65a!8m2!3d-37.8238366!4d145.1591912!16s%2Fg%2F11fmsb_8bf!19sChIJWe-nn-I_1moRWuZWc6urOGk?authuser=0&hl=en&rclk=1","McCubbin Park","4.5","(2)","¬∑","Park","¬∑","Open 24 hours","https://lh5.googleusercontent.com/p/AF1QipNQaYaD-It5gsDJAaS49fQLELEViPzaixueccFh=w189-h92-k-no","36 Central Rd","¬∑","","",""
"https://www.google.com/maps/place/Elgar+Park/data=!4m7!3m6!1s0x6ad64739e8960721:0xf04567605318150!8m2!3d-37.7995951!4d145.1169384!16s%2Fg%2F11bxftsz0g!19sChIJIQeW6DlH1moRUIExBXZWBA8?authuser=0&hl=en&rclk=1","Elgar Park","4.4","(504)","¬∑","Park","¬∑","Open 24 hours","https://lh5.googleusercontent.com/p/AF1QipMDCQwuG2oH_Zz2QvxSv0NVoo0KLvm6TGGG-6nZ=w163-h92-k-no","Belmore Rd","¬∑","https://lh3.googleusercontent.com/a/default-user=s40-cc","""decent park, a tad dodgy""","¬∑"
"https://www.google.com/maps/place/R.H.L+Sparks+Reserve+Dog+Off+Leash+Area/data=!4m7!3m6!1s0x6ad641be4cedfc13:0xe540a96b2956252e!8m2!3d-37.827388!4d145.1357173!16s%2Fg%2F11rcbns810!19sChIJE_ztTL5B1moRLiVWKWupQOU?authuser=0&hl=en&rclk=1","R.H.L Sparks Reserve Dog Off Leash Area","","","¬∑","Dog park","¬∑","","https://lh5.googleusercontent.com/p/AF1QipMr8xIF43PS8LX7DlZ4HcxlRw_gwL6gp1oOtacf=w163-h92-k-no","Cnr Canterbury Road and, Middleborough Rd","","","",""
"https://www.google.com/maps/place/Valley+Reserve/data=!4m7!3m6!1s0x6ad640086ab9486b:0x6323904e0cf1b376!8m2!3d-37.8803493!4d145.1351993!16s%2Fg%2F1tjfgzs9!19sChIJa0i5aghA1moRdrPxDE6QI2M?authuser=0&hl=en&rclk=1","Valley Reserve","4.6","(560)","¬∑","Park","¬∑","Open 24 hours","https://lh5.googleusercontent.com/p/AF1QipPG27zLfU-m2_lp3ECIgGzsNz2Jy4tykqXMrVFY=w122-h92-k-no","80 Waimarie Dr","¬∑","https://lh3.googleusercontent.com/a/default-user=s40-cc","""Very beautiful little suburban park with fantastic wooden playground""","¬∑"
"https://www.google.com/maps/place/Stanley+Reserve/data=!4m7!3m6!1s0x6ad638ae12a55ea5:0x45499e0dd3215c85!8m2!3d-37.8135367!4d145.1472852!16s%2Fg%2F11g9ngvqx9!19sChIJpV6lEq441moRhVwh0w2eSUU?authuser=0&hl=en&rclk=1","Stanley Reserve","4.4","(18)","¬∑","Park","¬∑","Open 24 hours","https://lh5.googleusercontent.com/p/AF1QipMpLGQBeFRn-ac_hmsFOVArCK28eKB6kqATB0Ol=w163-h92-k-no","22-24 Stanley Grove","¬∑","https://lh3.googleusercontent.com/a/default-user=s40-cc","""My kid`s favorite among the parks nearby""","¬∑"
"https://www.google.com/maps/place/Glen+Iris+Park/data=!4m7!3m6!1s0x6ad641e2c459759f:0xf045676053191e0!8m2!3d-37.8622107!4d145.0614191!16s%2Fg%2F1tj1mnk7!19sChIJn3VZxOJB1moR4JExBXZWBA8?authuser=0&hl=en&rclk=1","Glen Iris Park","4.4","(128)","¬∑","Park","¬∑","Open 24 hours","https://lh5.googleusercontent.com/p/AF1QipNEBBCBKbEENwr5rDRVBwEb3vRHtQHdApEBQ7e6=w163-h92-k-no","High St","¬∑","https://lh3.googleusercontent.com/a/default-user=s40-cc","""the park needs more cleaning""","¬∑"
"https://www.google.com/maps/place/Beckett+Park/data=!4m7!3m6!1s0x6ad64127c1a2907f:0xf045676053185f0!8m2!3d-37.8105362!4d145.0924149!16s%2Fg%2F11bxftcpdb!19sChIJf5CiwSdB1moR8IUxBXZWBA8?authuser=0&hl=en&rclk=1","Beckett Park","4.6","(366)","¬∑","Park","¬∑","Closed","https://lh5.googleusercontent.com/p/AF1QipMGVl2W9RrFDf5o-ytVBuBN5M0mSXwaRHpnG-kD=w92-h92-k-no","Parring Rd","¬∑","https://lh3.googleusercontent.com/a/default-user=s40-cc","""One of my new favourite local parks.""","¬∑"
"https://www.google.com/maps/place/Poole+Street+Playground/data=!4m7!3m6!1s0x6ad6410586025289:0x1d86d41fa25095b0!8m2!3d-37.8483896!4d145.1261515!16s%2Fg%2F11nnsgdp4l!19sChIJiVIChgVB1moRsJVQoh_Uhh0?authuser=0&hl=en&rclk=1","Poole Street Playground","","","¬∑","Playground","¬∑","","https://lh5.googleusercontent.com/p/AF1QipPi0u-ZHXAIvw8Ot11pd0talQ9EljHEVaSziXlK=w122-h92-k-no","22 Poole St","","","",""
"https://www.google.com/maps/place/Kurrajong+Way+Park/data=!4m7!3m6!1s0x6ad639d3cc1b237d:0xf78c325b0d77931a!8m2!3d-37.8082815!4d145.1434524!16s%2Fg%2F11q_2ctn6s!19sChIJfSMbzNM51moRGpN3DVsyjPc?authuser=0&hl=en&rclk=1","Kurrajong Way Park","","","¬∑","Park","","","https://streetviewpixels-pa.googleapis.com/v1/thumbnail?panoid=4wQWgbN4kYnteBPxCHzEHg&cb_client=search.gws-prod.gps&w=80&h=92&yaw=319.56955&pitch=0&thumbfov=100","","","","",""
"https://www.google.com/maps/place/Artists+Park+Playground/data=!4m7!3m6!1s0x6ad64165640e9b9b:0x373d1b8d9a1f56c2!8m2!3d-37.834474!4d145.1286795!16s%2Fg%2F11g0_b8b23!19sChIJm5sOZGVB1moRwlYfmo0bPTc?authuser=0&hl=en&rclk=1","Artists Park Playground","4.2","(36)","¬∑","Tourist attraction","¬∑","Open 24 hours","https://lh5.googleusercontent.com/p/AF1QipNoM2GlQ3H4HB2SB86Uj2vWZxIAu6WZas0t5Bd-=w122-h92-k-no","Prince St","¬∑","https://lh3.googleusercontent.com/a/default-user=s40-cc","""A great park with lots of facilities.""","¬∑"
"https://www.google.com/maps/place/Middleborough+Road+Retarding+Basin/data=!4m7!3m6!1s0x6ad641470d0f0f83:0xaeca992bc8d9d328!8m2!3d-37.827991!4d145.1356813!16s%2Fg%2F11h6r5z2_p!19sChIJgw8PDUdB1moRKNPZyCuZyq4?authuser=0&hl=en&rclk=1","Middleborough Road Retarding Basin","5.0","(1)","¬∑","Park","","","https://lh5.googleusercontent.com/p/AF1QipO8bRa-DKl8AWKM0_Du7C1XSW3mk6s5JPjfxcnh=w138-h92-k-no","","","","",""
"https://www.google.com/maps/place/Boroondara+Park/data=!4m7!3m6!1s0x6ad64173c4275c63:0xb1aca8716552d9fc!8m2!3d-37.8238045!4d145.0688189!16s%2Fg%2F11q8vh3mpt!19sChIJY1wnxHNB1moR_NlSZXGorLE?authuser=0&hl=en&rclk=1","Boroondara Park","4.7","(3)","¬∑","Park","¬∑","","https://lh5.googleusercontent.com/p/AF1QipN63eNNtPDeBAxXFMgxq34CIXLfJwfl5jHebMhe=w122-h92-k-no","16 Beaumont St","","https://lh3.googleusercontent.com/a/default-user=s40-cc","""Very friendly dog park.""","¬∑"
"https://www.google.com/maps/place/Billabong+Park/data=!4m7!3m6!1s0x6ad63f04fb4dae8b:0xf045676053190a0!8m2!3d-37.8588297!4d145.1734083!16s%2Fg%2F1wrtc_8r!19sChIJi65N-wQ_1moRoJAxBXZWBA8?authuser=0&hl=en&rclk=1","Billabong Park","4.1","(55)","¬∑","Park","¬∑","Open 24 hours","https://lh5.googleusercontent.com/p/AF1QipMdVrbDn7CJg6MqZeXw1OaG27v9wtioSvcbzcj5=w163-h92-k-no","Weeden Dr","¬∑","https://lh3.googleusercontent.com/a/default-user=s40-cc","""Good sized park for walking or jogging.""","¬∑"
"https://www.google.com/maps/place/Eley+Road+Reserve+Playground/data=!4m7!3m6!1s0x6ad64110a00fd6cb:0x42fa09d2e0b103bc!8m2!3d-37.8445864!4d145.1247939!16s%2Fg%2F11n6f8m83n!19sChIJy9YPoBBB1moRvAOx4NIJ-kI?authuser=0&hl=en&rclk=1","Eley Road Reserve Playground","4.6","(10)","¬∑","Playground","¬∑","","https://lh5.googleusercontent.com/p/AF1QipPeKSjiNI1sPaLMZJJWJpnq58pgi_qzlYZ1sUpS=w122-h92-k-no","32 Eley Rd","","https://lh3.googleusercontent.com/a/default-user=s40-cc","""Good","¬∑"
"https://www.google.com/maps/place/Small+Public+Park/data=!4m7!3m6!1s0x6ad63ed2c74c7375:0x78ee966329d32b4b!8m2!3d-37.834545!4d145.19134!16s%2Fg%2F11clzrjgt6!19sChIJdXNMx9I-1moRSyvTKWOW7ng?authuser=0&hl=en&rclk=1","Small Public Park","4.5","(6)","¬∑","Park","¬∑","Open 24 hours","https://lh5.googleusercontent.com/p/AF1QipMTj_L8NobhbcSmWNotVSKumyig0D3TVnAS_aVu=w189-h92-k-no","7 Park Dr","¬∑","","",""
"https://www.google.com/maps/place/Gardiner's+Creek+Trail/data=!4m7!3m6!1s0x6ad640362cd11025:0xc8b1b624e626a47f!8m2!3d-37.859956!4d145.1016933!16s%2Fg%2F11gbxgzp8x!19sChIJJRDRLDZA1moRf6Qm5iS2scg?authuser=0&hl=en&rclk=1","Gardiner's Creek Trail","4.6","(7)","¬∑","Nature preserve","¬∑","","https://lh5.googleusercontent.com/p/AF1QipNOixl6D3H2TCJ0WjRFM_YpjoC8UaUYctBJH1QI=w80-h106-k-no","Gardiners Creek Trail","","https://lh3.googleusercontent.com/a/default-user=s40-cc","""Superb Urban parkland area, always been a major part of our family's life.""","¬∑"
"https://www.google.com/maps/place/Sinnott+Street+Playground/data=!4m7!3m6!1s0x6ad6405cbf27482d:0xf2b2214158b309ce!8m2!3d-37.8521301!4d145.1109225!16s%2Fg%2F11c1sx1dpr!19sChIJLUgnv1xA1moRzgmzWEEhsvI?authuser=0&hl=en&rclk=1","Sinnott Street Playground","3.8","(32)","¬∑","Playground","¬∑","Open 24 hours","https://lh5.googleusercontent.com/p/AF1QipNHNNt4hF5xpyNfmxBX58RBoWJz4RjUqXXahtxP=w80-h106-k-no","20 Sinnott St","¬∑","","",""
"https://www.google.com/maps/place/Federal+Reserve+Dog+Off+Leash+Area/data=!4m7!3m6!1s0x6ad6417413b14543:0xc39fa787d031801d!8m2!3d-37.8598304!4d145.1235417!16s%2Fg%2F11q2tdb5br!19sChIJQ0WxE3RB1moRHYAx0Ienn8M?authuser=0&hl=en&rclk=1","Federal Reserve Dog Off Leash Area","4.5","(2)","¬∑","Dog park","¬∑","","https://lh5.googleusercontent.com/p/AF1QipNu1ZaaUHH_azFy-xAOd_5r_H6jp0zJdH9chBeZ=w122-h92-k-no","Darbyshire Rd &, Oak Hill Rd","","","",""
"https://www.google.com/maps/place/Jordan+Reserve/data=!4m7!3m6!1s0x6ad640269337aeb7:0xf04567605324c20!8m2!3d-37.8766577!4d145.1079607!16s%2Fg%2F1tfj__3t!19sChIJt643kyZA1moRIEwyBXZWBA8?authuser=0&hl=en&rclk=1","Jordan Reserve","4.2","(103)","¬∑","Park","¬∑","Open 24 hours","https://lh5.googleusercontent.com/p/AF1QipOXbmelhwTlhDttrbB3oWrs0xjUzklpVYzMbf3H=w122-h92-k-no","36 Burton St","¬∑","https://lh3.googleusercontent.com/a/default-user=s40-cc","""Great park with a play area for the young ones.""","¬∑"
"https://www.google.com/maps/place/Tally+Ho+Reserve/data=!4m7!3m6!1s0x6ad63f84516274e3:0xf04567605319250!8m2!3d-37.8622222!4d145.1466667!16s%2Fg%2F1w1129x7!19sChIJ43RiUYQ_1moRUJIxBXZWBA8?authuser=0&hl=en&rclk=1","Tally Ho Reserve","4.4","(175)","¬∑","Park","¬∑","Open 24 hours","https://lh5.googleusercontent.com/p/AF1QipOa1FNbTLJNZatOHB_N9chkeTcTN75-7u3-QsfG=w122-h92-k-no","","","https://lh3.googleusercontent.com/a/default-user=s40-cc","""These parks in Mount Waverley are real boon for children of all ages.""","¬∑"
"https://www.google.com/maps/place/Morton+Park/data=!4m7!3m6!1s0x6ad638b4b17edadd:0x13a2149c5b06d667!8m2!3d-37.8211313!4d145.1550153!16zL20vMGg1Mnlr!19sChIJ3dp-sbQ41moRZ9YGW5wUohM?authuser=0&hl=en&rclk=1","Morton Park","4.3","(205)","¬∑","Park","¬∑","Open 24 hours","https://lh5.googleusercontent.com/p/AF1QipM01oufwouQj1bSAgntaihrcAKip86stAxnxd_M=w122-h92-k-no","35 Central Rd","¬∑","https://lh3.googleusercontent.com/a/default-user=s40-cc","""Hmmm... what can i say it's a park!""","¬∑"
"https://www.google.com/maps/place/Devere+Gardens+Reserve/data=!4m7!3m6!1s0x6ad63fcda9809c7d:0x10516b635dc0a329!8m2!3d-37.8465782!4d145.1750078!16s%2Fg%2F11j0bf0m8l!19sChIJfZyAqc0_1moRKaPAXWNrURA?authuser=0&hl=en&rclk=1","Devere Gardens Reserve","","","¬∑","Park","¬∑","Open 24 hours","https://streetviewpixels-pa.googleapis.com/v1/thumbnail?panoid=8ca0Cb6pP4piQjGglcj4qQ&cb_client=search.gws-prod.gps&w=80&h=92&yaw=279.61618&pitch=0&thumbfov=100","8 Oxford Grove","¬∑","","",""
"https://www.google.com/maps/place/Gardiners+Creek+Trail+Box+Hill+South/data=!4m7!3m6!1s0x6ad64090848f81c1:0xd6613a5782c94875!8m2!3d-37.8369578!4d145.1261587!16s%2Fg%2F11fx7sm5zh!19sChIJwYGPhJBA1moRdUjJglc6YdY?authuser=0&hl=en&rclk=1","Gardiners Creek Trail Box Hill South","4.2","(10)","¬∑","Garden","¬∑","Open 24 hours","https://lh5.googleusercontent.com/p/AF1QipNQQhUbpefIMQ7j2ElJpLQ2hUFCggsb1soPqMcV=w80-h106-k-no","Gardiners Creek Trail","¬∑","","",""
"https://www.google.com/maps/place/Blackburn+Lake+-+The+Friends+Bridge/data=!4m7!3m6!1s0x6ad63f359ee97513:0x81e3c562984ca482!8m2!3d-37.8259407!4d145.1608069!16s%2Fg%2F11cs6769jm!19sChIJE3XpnjU_1moRgqRMmGLF44E?authuser=0&hl=en&rclk=1","Blackburn Lake - The Friends Bridge","4.5","(11)","¬∑","Park","¬∑","","https://lh5.googleusercontent.com/p/AF1QipMd2ngjGLvQNlext0fdjpvtjJhDG0taZMACm_RW=w122-h92-k-no","32 Lake Rd","","","",""
"https://www.google.com/maps/place/Gardiner+Park/data=!4m7!3m6!1s0x6ad643972594e47b:0x15db946126899d07!8m2!3d-37.8512361!4d145.0494553!16s%2Fg%2F11g0rv8hg5!19sChIJe-SUJZdD1moRB52JJmGU2xU?authuser=0&hl=en&rclk=1","Gardiner Park","4.6","(91)","¬∑","Park","¬∑","","https://lh5.googleusercontent.com/p/AF1QipNfCfcGCQQzMxLRbtpxtr26t0cdx6lnCv9tRkrh=w122-h92-k-no","49-61 Carroll Cres","","https://lh3.googleusercontent.com/a/default-user=s40-cc","""It's an astro turf footie field, not a park.""","¬∑"
"","","","","","","","","","","","","",""